likes,body,url
48,"1- –°–æ–∑–¥–∞–Ω–∏–µ –ø—Ä–æ—Å—Ç–æ–≥–æ –º–∏–∫—Ä–æ—Å–µ—Ä–≤–∏—Å–∞ —Å –ø–æ–º–æ—â—å—é Python, —Å–æ–∫–µ—Ç—ã –∏ –∫–æ–Ω–∫—É—Ä–µ–Ω—Ç–Ω–æ—Å—Ç—å 
 2- ¬´–û–±—Ä–∞–±–æ—Ç–∫–∞ –∏ –≤–∏–∑—É–∞–ª–∏–∑–∞—Ü–∏—è –≥–µ–æ–¥–∞–Ω–Ω—ã—Ö¬ª 
 3- ¬´–ü—Ä–æ–¥–≤–∏–Ω—É—Ç—ã–π async/await –≤ Python 3.5¬ª 
 4- ¬´–û–±–º–µ–Ω –¥–∞–Ω–Ω—ã–º–∏ –º–µ–∂–¥—É –ø—Ä–æ—Ü–µ—Å—Å–∞–º–∏ python¬ª 
 5- ¬´ProZorro OpenData Mashups¬ª 
 6- ¬´Dependency injections –∏ –≤–∞–ª–∏–¥–∞—Ü–∏—è –≤ Python¬ª 
 7- How to implement binary protocols for databases and message queues with asyncio 
  
 #video   
  
 
 #video@php2all  –±–æ–ª—å—à–µ –≤–∏–¥–µ–æ –≤ –Ω–∞—à–µ–º –∫–∞—Ç–∞–ª–æ–≥–µ https://vk.com/videos-3183750",pass
18,,pass
16,,pass
25,"–û—Å–Ω–æ–≤–Ω—ã–µ –∏–Ω—Å—Ç—Ä—É–∫—Ü–∏–∏ –∞—Å—Å–µ–º–±–ª–µ—Ä–∞ 
 00. –û—Å–Ω–æ–≤–Ω—ã–µ –∏–Ω—Å—Ç—Ä—É–∫—Ü–∏–∏ –∞—Å—Å–µ–º–±–ª–µ—Ä–∞. –í–≤–µ–¥–µ–Ω–∏–µ. 
 01. –û—Å–Ω–æ–≤–Ω—ã–µ –∏–Ω—Å—Ç—Ä—É–∫—Ü–∏–∏ –∞—Å—Å–µ–º–±–ª–µ—Ä–∞. –ò–Ω—Å—Ç—Ä—É–∫—Ü–∏—è mov. 
 02. –û—Å–Ω–æ–≤–Ω—ã–µ –∏–Ω—Å—Ç—Ä—É–∫—Ü–∏–∏ –∞—Å—Å–µ–º–±–ª–µ—Ä–∞. –ò–Ω—Å—Ç—Ä—É–∫—Ü–∏–∏ inc, dec, add, sub. 
 03. –û—Å–Ω–æ–≤–Ω—ã–µ –∏–Ω—Å—Ç—Ä—É–∫—Ü–∏–∏ –∞—Å—Å–µ–º–±–ª–µ—Ä–∞. –°—Ä–∞–≤–Ω–µ–Ω–∏–µ –∏ —É—Å–ª–æ–≤–Ω—ã–µ –ø–µ—Ä–µ—Ö–æ–¥—ã 
 04. –û—Å–Ω–æ–≤–Ω—ã–µ –∏–Ω—Å—Ç—Ä—É–∫—Ü–∏–∏ –∞—Å—Å–µ–º–±–ª–µ—Ä–∞. –ò–Ω—Å—Ç—Ä—É–∫—Ü–∏—è LEA 
 05. –û—Å–Ω–æ–≤–Ω—ã–µ –∏–Ω—Å—Ç—Ä—É–∫—Ü–∏–∏ –∞—Å—Å–µ–º–±–ª–µ—Ä–∞. –ò–Ω—Å—Ç—Ä—É–∫—Ü–∏—è xchg 
 06. –û—Å–Ω–æ–≤–Ω—ã–µ –∏–Ω—Å—Ç—Ä—É–∫—Ü–∏–∏ –∞—Å—Å–µ–º–±–ª–µ—Ä–∞. –ü–æ–±–∏—Ç–æ–≤—ã–µ –æ–ø–µ—Ä–∞—Ü–∏–∏ 
 07. –û—Å–Ω–æ–≤–Ω—ã–µ –∏–Ω—Å—Ç—Ä—É–∫—Ü–∏–∏ –∞—Å—Å–µ–º–±–ª–µ—Ä–∞. –ò–Ω—Å—Ç—Ä—É–∫—Ü–∏–∏ movsx –∏ movzx 
 08. –û—Å–Ω–æ–≤–Ω—ã–µ –∏–Ω—Å—Ç—Ä—É–∫—Ü–∏–∏ –∞—Å—Å–µ–º–±–ª–µ—Ä–∞. –ò–Ω—Å—Ç—Ä—É–∫—Ü–∏–∏ imul –∏ mul 
 09. –û—Å–Ω–æ–≤–Ω—ã–µ –∏–Ω—Å—Ç—Ä—É–∫—Ü–∏–∏ –∞—Å—Å–µ–º–±–ª–µ—Ä–∞. –ò–Ω—Å—Ç—Ä—É–∫—Ü–∏–∏ push, pop, pushad, popad, pushf, popf 
 #asm   #–∞—Å—Å–µ–º–±–ª–µ—Ä   
  
 
 #video@php2all  ( –≤–∏–¥–µ–æ–∫—É—Ä—Å—ã –≤ –∞–ª—å–±–æ–º–µ https://vk.com/videos-3183750 )",pass
49,"SQL –¥–ª—è –ø—Ä–æ—Å—Ç—ã—Ö —Å–º–µ—Ä—Ç–Ω—ã—Ö 
 
 –ê–≤—Ç–æ—Ä: –ú–∞—Ä—Ç–∏–Ω –ì—Ä–∞–±–µ—Ä 
 –ì–æ–¥: 2014 
 
 –û–ø–∏—Å–∞–Ω–∏–µ: 
 SQL –î–õ–Ø –ü–†–û–°–¢–´–• –°–ú–ï–†–¢–ù–´–• ‚Äî —ç—Ç–æ –ø–æ–ª–Ω–æ–µ –≤–≤–µ–¥–µ–Ω–∏–µ –≤ —Å—Ç—Ä—É–∫—Ç—É—Ä–∏—Ä–æ–≤–∞–Ω–Ω—ã–π —è–∑—ã–∫ –∑–∞–ø—Ä–æ—Å–æ–≤, –Ω–∞–ø–∏—Å–∞–Ω–Ω–æ–µ —Å–ø–µ—Ü–∏–∞–ª—å–Ω–æ –¥–ª—è –Ω–∞—á–∏–Ω–∞—é—â–∏—Ö. –ï—Å–ª–∏ –≤—ã –Ω–µ –∏–º–µ–µ—Ç–µ –æ–ø—ã—Ç–∞ —É–ø—Ä–∞–≤–ª–µ–Ω–∏—è –±–∞–∑–∞–º–∏ –¥–∞–Ω–Ω—ã—Ö, –±–ª–∞–≥–æ–¥–∞—Ä—è —ç—Ç–æ–π –∫–Ω–∏–≥–µ –≤—ã –Ω–∞—É—á–∏—Ç–µ—Å—å —Ä–∞–±–æ—Ç–∞—Ç—å —Å SQL –ª–µ–≥–∫–æ –∏ —Å–≤–æ–±–æ–¥–Ω–æ, –ø—Ä–∏–º–µ–Ω—è—è –ø—Ä–æ—Å—Ç—ã–µ –∑–∞–ø—Ä–æ—Å—ã –∏ —Å–ª–æ–∂–Ω—ã–µ –æ–ø–µ—Ä–∞—Ü–∏–∏. –î–ª—è –æ–≤–ª–∞–¥–µ–Ω–∏—è SQL: 
 –£—Å–≤–æ–π—Ç–µ —Å–º—ã—Å–ª –ø–æ–Ω—è—Ç–∏–π, —Å–≤—è–∑–∞–Ω–Ω—ã—Ö —Å —É–ø—Ä–∞–≤–ª–µ–Ω–∏–µ–º –±–∞–∑–æ–π –¥–∞–Ω–Ω—ã—Ö, —Å –ø–æ–º–æ—â—å—é –∫—Ä–∞—Ç–∫–æ–≥–æ –∏ –ø—Ä–æ—Å—Ç–æ–≥–æ –≤–≤–µ–¥–µ–Ω–∏—è –≤ —Ä–µ–ª—è—Ü–∏–æ–Ω–Ω—ã–µ –±–∞–∑—ã –¥–∞–Ω–Ω—ã—Ö. 
 –°–ª–µ–¥—É–π—Ç–µ –¥–∞–Ω–Ω—ã–º –∏–Ω—Å—Ç—Ä—É–∫—Ü–∏—è–º –ø–æ –ø—Ä–∏–º–µ–Ω–µ–Ω–∏—é –æ—Å–Ω–æ–≤–Ω—ã—Ö –∫–æ–º–∞–Ω–¥ SQL –¥–ª—è –ø–æ–∏—Å–∫–∞ —Ä–∞–∑–º–µ—â–µ–Ω–Ω–æ–π –≤ —Ç–∞–±–ª–∏—Ü–∞—Ö –¥–∞–Ω–Ω—ã—Ö –∏–Ω—Ñ–æ—Ä–º–∞—Ü–∏–∏ –∏ —Ä–∞–±–æ—Ç—ã —Å –Ω–µ–π. –ù–∞—É—á–∏—Ç–µ—Å—å –≤—ã–±–∏—Ä–∞—Ç—å –∏ —Å—É–º–º–∏—Ä–æ–≤–∞—Ç—å –¥–∞–Ω–Ω—ã–µ, –∞ —Ç–∞–∫–∂–µ —É–º–µ–ª–æ –∏–º–∏ —É–ø—Ä–∞–≤–ª—è—Ç—å. 
 –≠—Ñ—Ñ–µ–∫—Ç–∏–≤–Ω–æ —Ä–∞–±–æ—Ç–∞–π—Ç–µ —Å —Å–æ—Å—Ç–∞–≤–Ω—ã–º–∏ —Ç–∞–±–ª–∏—Ü–∞–º–∏ –¥–∞–Ω–Ω—ã—Ö, –ø—Ä–∏–º–µ–Ω—è—è —Ä–∞–∑–≤–∏—Ç—É—é —Ç–µ—Ö–Ω–∏–∫—É –∑–∞–ø—Ä–æ—Å–∞ –∫ –±–æ–ª–µ–µ —á–µ–º –æ–¥–Ω–æ–π —Ç–∞–±–ª–∏—Ü–µ –æ–¥–Ω–æ–≤—Ä–µ–º–µ–Ω–Ω–æ, –∫–æ–Ω—Å—Ç—Ä—É–∏—Ä—É—è —Å–ª–æ–∂–Ω—ã–µ –∑–∞–ø—Ä–æ—Å—ã –∏ –ø–æ–¥–∑–∞–ø—Ä–æ—Å—ã. 
 –°–æ–∑–¥–∞–≤–∞–π—Ç–µ –Ω–æ–≤—ã–µ —Ç–∞–±–ª–∏—Ü—ã –¥–∞–Ω–Ω—ã—Ö –¥–ª—è –ø—Ä–∏–ª–æ–∂–µ–Ω–∏–π –≤ —Å—Ñ–µ—Ä–µ —Ç–æ—Ä–≥–æ–≤–æ–≥–æ –±–∏–∑–Ω–µ—Å–∞. –ò–∑—É—á–∞–π—Ç–µ –≤–∞–∂–Ω—ã–µ –ø—Ä–∏–Ω—Ü–∏–ø—ã —ç—Ñ—Ñ–µ–∫—Ç–∏–≤–Ω–æ–≥–æ –ø—Ä–æ–µ–∫—Ç–∏—Ä–æ–≤–∞–Ω–∏—è –±–∞–∑—ã –¥–∞–Ω–Ω—ã—Ö –∏ —Ç–µ—Ö–Ω–∏–∫—É –æ–±–µ—Å–ø–µ—á–µ–Ω–∏—è —Ü–µ–ª–æ—Å—Ç–Ω–æ—Å—Ç–∏ –∏ –∑–∞—â–∏—Ç—ã –¥–∞–Ω–Ω—ã—Ö. 
 –£—á–∏—Ç–µ—Å—å –ø—Ä–∏–º–µ–Ω—è—Ç—å SQL —Å —è–∑—ã–∫–∞–º–∏ –ø—Ä–æ–≥—Ä–∞–º–º–∏—Ä–æ–≤–∞–Ω–∏—è, –∏—Å–ø–æ–ª—å–∑—É—è —Å–ø–µ—Ü–∏–∞–ª—å–Ω—É—é –≥–ª–∞–≤—É –¥–ª—è –ø—Ä–æ–≥—Ä–∞–º–º–∏—Å—Ç–æ–≤. 
 SQL –î–õ–Ø –ü–†–û–°–¢–´–• –°–ú–ï–†–¢–ù–´–• —è–≤–ª—è–µ—Ç—Å—è –Ω–µ–æ–±—Ö–æ–¥–∏–º—ã–º —Ä—É–∫–æ–≤–æ–¥—Å—Ç–≤–æ–º –¥–ª—è –ª—é–±–æ–π —Ä–µ–∞–ª–∏–∑–∞—Ü–∏–∏ —è–∑—ã–∫–∞ —Å—Ç—Ä—É–∫—Ç—É—Ä–∏—Ä–æ–≤–∞–Ω–Ω—ã—Ö –∑–∞–ø—Ä–æ—Å–æ–≤, –≤ –∫–æ—Ç–æ—Ä–æ–µ –≤–∫–ª—é—á–µ–Ω—ã –∫—Ä–∞—Ç–∫–∏–π —Å–ø—Ä–∞–≤–æ—á–Ω–∏–∫ –ø–æ —Å—Ç–∞–Ω–¥–∞—Ä—Ç–Ω–æ–º—É SQL –∏ –æ–ø–∏—Å–∞–Ω–∏–µ –æ–±—â–∏—Ö —Å–≤–æ–π—Å—Ç–≤ –Ω–µ—Å—Ç–∞–Ω–¥–∞—Ä—Ç–Ω–æ–≥–æ SQL. 
 
 #book@php2all #sql@php2all 
 
 (–ë–æ–ª—å—à–µ –∫–Ω–∏–≥ —Ç—É—Ç https://vk.com/php2all/book )",pass
28,,pass
18,"#book   #cpp   
  
 
 #video@php2all  ( –≤–∏–¥–µ–æ–∫—É—Ä—Å—ã –≤ –∞–ª—å–±–æ–º–µ https://vk.com/videos-3183750 )",pass
9,–ò—Å–ø—Ä–∞–≤–ª—è–µ—à—å —Å—Ä–∞–∑—É –Ω–µ—Å–∫–æ–ª—å–∫–æ –±–∞–≥–æ–≤ –æ–¥–Ω–∏–º –∫–æ–º–º–∏—Ç–æ–º –≤ –Ω–µ—Å–∫–æ–ª—å–∫–æ —Å—Ç—Ä–æ–∫.,pass
29,"–ö—É—Ä—Å –ø–æ TypeScript —á–∞—Å—Ç—å 1

#1 –í–≤–µ–¥–µ–Ω–∏–µ –∏ –Ω–∞—Å—Ç—Ä–æ–π–∫–∞ –æ–∫—Ä—É–∂–µ–Ω–∏—è
#2 –û—Å–Ω–æ–≤–Ω—ã–µ —Ç–∏–ø—ã –¥–∞–Ω–Ω—ã—Ö 
#3 –°–∏–≥–Ω–∞—Ç—É—Ä–∞ –∏ –ø–µ—Ä–µ–≥—Ä—É–∑–∫–∞ —Ñ—É–Ω–∫—Ü–∏–π
#4 –ü—Ä–∏–≤–µ–¥–µ–Ω–∏–µ, –æ–±—ä–µ–¥–∏–Ω–µ–Ω–∏–µ –∏ –ø–µ—Ä–µ—Å–µ—á–µ–Ω–∏–µ —Ç–∏–ø–æ–≤ –¥–∞–Ω–Ω—ã—Ö
#5 –ú–∞—Å—Å–∏–≤—ã, –∫–æ—Ä—Ç–µ–∂–∏ –∏ –ø–µ—Ä–µ—á–∏—Å–ª–µ–Ω–∏—è
#6 –ö–ª–∞—Å—Å—ã
#7 –ù–∞—Å–ª–µ–¥–æ–≤–∞–Ω–∏–µ –∫–ª–∞—Å—Å–æ–≤
#8 –†–µ–∞–ª–∏–∑–∞—Ü–∏—è –∏–Ω—Ç–µ—Ä—Ñ–µ–π—Å–æ–≤
#9 –ê–±—Å—Ç—Ä–∞–∫—Ç–Ω—ã–µ –∫–ª–∞—Å—Å—ã
#10 –ú–æ–¥–∏—Ñ–∏–∫–∞—Ç–æ—Ä—ã –¥–æ—Å—Ç—É–ø–∞",pass
8,"–ò–Ω—Ç–µ–Ω—Å–∏–≤-–ø—Ä–∞–∫—Ç–∏–∫—É–º ¬´Pentesting: Level 0¬ªüî•

–ü–æ–ª—É—á–∏—Ç–µ –æ–ø—ã—Ç –ø—Ä–æ–≤–µ–¥–µ–Ω–∏—è –∞–Ω–∞–ª–∏–∑–∞ –∏ —Ç–µ—Å—Ç–∏—Ä–æ–≤–∞–Ω–∏–µ –∑–∞—â–∏—â–µ–Ω–Ω–æ—Å—Ç–∏ –ø—Ä–æ–≥—Ä–∞–º–º, –æ–ø–µ—Ä–∞—Ü–∏–æ–Ω–Ω—ã—Ö —Å–∏—Å—Ç–µ–º –∏ –≤–µ–±-–ø—Ä–∏–ª–æ–∂–µ–Ω–∏–π, –∞ —Ç–∞–∫–∂–µ –æ–ø—ã—Ç –∞—Ç–∞–∫ –Ω–∞ –∫–æ—Ä–ø–æ—Ä–∞—Ç–∏–≤–Ω—ã–µ –∏–Ω—Ñ—Ä–∞—Å—Ç—Ä—É–∫—Ç—É—Ä—ã. 

–ó–∞ 4 –¥–Ω—è –≤—ã –Ω–∞—É—á–∏—Ç–µ—Å—å:
- –°–∫–∞–Ω–∏—Ä–æ–≤–∞—Ç—å –ª–æ–∫–∞–ª—å–Ω—ã–µ —Å–µ—Ç–∏, —É–∑–ª—ã –≤ —Å–µ—Ç–∏ –ò–Ω—Ç–µ—Ä–Ω–µ—Ç –∏ –∞–Ω–∞–ª–∏–∑ –ø–æ–ª—É—á–µ–Ω–Ω–æ–≥–æ —Ä–µ–∑—É–ª—å—Ç–∞—Ç–∞.
- –û–±–Ω–∞—Ä—É–∂–∏–≤–∞—Ç—å —Ä—è–¥ —É—è–∑–≤–∏–º–æ—Å—Ç–µ–π –≤ –≤–µ–±-–ø—Ä–∏–ª–æ–∂–µ–Ω–∏—è—Ö, –ø—Ä–æ–≥—Ä–∞–º–º–∞—Ö, –æ–ø–µ—Ä–∞—Ü–∏–æ–Ω–Ω—ã—Ö —Å–∏—Å—Ç–µ–º–∞—Ö –∏ –ø–æ—á—Ç–æ–≤—ã—Ö —Å–µ—Ä–≤–µ—Ä–∞—Ö.
- –ü–æ–¥–±–∏—Ä–∞—Ç—å —ç–∫—Å–ø–ª–æ–π—Ç—ã –∫ –ø—Ä–æ–≥—Ä–∞–º–º–Ω–æ–º—É –æ–±–µ—Å–ø–µ—á–µ–Ω–∏—é —Å —Ü–µ–ª—å—é —Ç–µ—Å—Ç–∏—Ä–æ–≤–∞–Ω–∏—è –±–µ–∑–æ–ø–∞—Å–Ω–æ—Å—Ç–∏.
- –≠–∫—Å–ø–ª—É–∞—Ç–∏—Ä–æ–≤–∞—Ç—å —É—è–∑–≤–∏–º–æ—Å—Ç–∏ —á–µ—Ä–µ–∑ –ø—Ä–æ–≥—Ä–∞–º–º—ã –¥–ª—è —Ç–µ—Å—Ç–∏—Ä–æ–≤–∞–Ω–∏—è.

–ò–Ω—Ç–µ–Ω—Å–∏–≤ –≤–µ–¥–µ—Ç: –ï–≥–æ—Ä –ë–æ–≥–æ–º–æ–ª–æ–≤, 200+ —É—Å–ø–µ—à–Ω—ã—Ö –ø—Ä–æ–µ–∫—Ç–æ–≤ –≤ —Ç–∞–∫–∏—Ö –∫–æ–º–ø–∞–Ω–∏—è—Ö –∫–∞–∫ ""–ò–Ω—Ñ–æ—Ä–º–∑–∞—â–∏—Ç–∞"", ""–ë–∏–∑–æ–Ω"" –∏ ""–í–∞–ª–∞—Ä–º"".

–ß–∏—Ç–∞–π—Ç–µ –ø–æ–¥—Ä–æ–±–Ω–æ—Å—Ç–∏ –∏ –æ—Å—Ç–∞–≤–ª—è–π—Ç–µ –∑–∞—è–≤–∫—É –Ω–∞ —Å–∞–π—Ç–µ: https://vk.cc/avACIl",pass
54,–†–∞–±–æ—á–∞—è –∫–ª–∞–≤–∏–∞—Ç—É—Ä–∞ –ø–æ—Å–ª–µ –∫–∞—Ä–∞–Ω—Ç–∏–Ω–∞,pass
22,"–ü–æ–¥–±–æ—Ä–∫–∞ –∏–∑ —Ö–æ—Ä–æ—à–∏—Ö –∫–Ω–∏–≥ –¥–ª—è –ø–æ–≤—ã—à–µ–Ω–∏—è —Å–∫–∏–ª–ª–∞ 
 #book@php2all 
  
  (–ª–∏—Ç–µ—Ä–∞—Ç—É—Ä–∞ –ø–æ –ø—Ä–æ–≥—Ä–∞–º–º–∏—Ä–æ–≤–∞–Ω–∏—é https://vk.com/php2all/book )",pass
19,"JavaScript 
 0‚É£ Introduction 
 1‚É£Functions and more Canvas 
 2‚É£Running functions on an Interval with setInterval 
 3‚É£Conditionals (if statement) 
 4‚É£Object Oriented Programming in js 
 5‚É£For Loops 
 #video   #js   
  
 
 #video@php2all  –±–æ–ª—å—à–µ –≤–∏–¥–µ–æ –≤ –Ω–∞—à–µ–º –∫–∞—Ç–∞–ª–æ–≥–µ https://vk.com/videos-3183750",pass
11,"Lucinda #otf #–ª–∞—Ç–∏–Ω–∏—Ü–∞ (Free font) 
 Set of 2 fonts. 
 –ê–≤—Ç–æ—Ä - Stephen French",pass
98,,pass
7,"Heading-Pro #ttf #–∫–∏—Ä–∏–ª–ª–∏—Ü–∞ #–ª–∞—Ç–∏–Ω–∏—Ü–∞ (Free for personal use) 
 Set of 32 fonts. 
 –ê–≤—Ç–æ—Ä - Francesco Canovaro",pass
94,,pass
58,"–†–∞–∑—Ä–∞–±–æ—Ç–∫–∞ –∏–≥—Ä –Ω–∞ —è–∑—ã–∫–µ JavaScript 
 
 –ê–≤—Ç–æ—Ä: –°–µ—Ä–≥–µ–π –ê–ª–µ–∫—Å–µ–µ–≤–∏—á –ë–µ–ª—è–µ–≤ 
 –ì–æ–¥: 2016 
 
 –û–ø–∏—Å–∞–Ω–∏–µ: 
 –£—á–µ–±–Ω–æ–µ –ø–æ—Å–æ–±–∏–µ —Ä–∞—Å—Å–º–∞—Ç—Ä–∏–≤–∞–µ—Ç –∫–ª—é—á–µ–≤—ã–µ –≤–æ–ø—Ä–æ—Å—ã —Ä–∞–∑—Ä–∞–±–æ—Ç–∫–∏ –æ–¥–Ω–æ–ø–æ–ª—å–∑–æ–≤–∞—Ç–µ–ª—å—Å–∫–∏—Ö –¥–≤—É–º–µ—Ä–Ω—ã—Ö –∏–≥—Ä –Ω–∞ —è–∑—ã–∫–µ JavaScript. –ü–æ—Å–æ–±–∏–µ –ø–æ—Å—Ç—Ä–æ–µ–Ω–æ –≤ –ø—Ä–∞–∫—Ç–∏—á–µ—Å–∫–æ–º –∫–ª—é—á–µ, –∫–æ–≥–¥–∞ –≤ –æ—Ç–¥–µ–ª—å–Ω—ã—Ö –≥–ª–∞–≤–∞—Ö –æ—Å—É—â–µ—Å—Ç–≤–ª—è–µ—Ç—Å—è –ø–æ—ç—Ç–∞–ø–Ω–∞—è —Ä–∞–∑—Ä–∞–±–æ—Ç–∫–∞ —Ä–∞–∑–ª–∏—á–Ω—ã—Ö —ç–ª–µ–º–µ–Ω—Ç–æ–≤ –∏–≥—Ä—ã. –í –ø–æ—Å–æ–±–∏–∏ –Ω–µ –≤—ã–¥–µ–ª–µ–Ω–∞ –æ—Ç–¥–µ–ª—å–Ω–∞—è –≥–ª–∞–≤–∞ –¥–ª—è –∏–∑—É—á–µ–Ω–∏—è –æ—Å–Ω–æ–≤ JavaScript, –µ–≥–æ —ç–ª–µ–º–µ–Ω—Ç—ã —Ä–∞–∑–±–∏—Ä–∞—é—Ç—Å—è –≤ –ø—Ä–æ—Ü–µ—Å—Å–µ –∏–∑–ª–æ–∂–µ–Ω–∏—è –æ—Å–Ω–æ–≤–Ω–æ–≥–æ –º–∞—Ç–µ—Ä–∏–∞–ª–∞ —Å –æ–±—ä—è—Å–Ω–µ–Ω–∏–µ–º –±–∞–∑–æ–≤—ã—Ö –æ—Å–æ–±–µ–Ω–Ω–æ—Å—Ç–µ–π. –ß–∏—Ç–∞—Ç–µ–ª—é –±—É–¥–µ—Ç –ª–µ–≥—á–µ –≤–æ—Å–ø—Ä–∏–Ω–∏–º–∞—Ç—å —É—á–µ–±–Ω–æ–µ –ø–æ—Å–æ–±–∏–µ, –µ—Å–ª–∏ –æ–Ω —É–∂–µ –≤–ª–∞–¥–µ–µ—Ç JavaScript, –Ω–æ –¥–æ—Å—Ç–∞—Ç–æ—á–Ω–æ –≤–ª–∞–¥–µ—Ç—å –ª—é–±—ã–º —è–∑—ã–∫–æ–º –ø—Ä–æ–≥—Ä–∞–º–º–∏—Ä–æ–≤–∞–Ω–∏—è. –£—á–µ–±–Ω–æ–µ –ø–æ—Å–æ–±–∏–µ –ø—Ä–µ–¥–Ω–∞–∑–Ω–∞—á–µ–Ω–æ –¥–ª—è –±–∞–∫–∞–ª–∞–≤—Ä–æ–≤ –∏ –º–∞–≥–∏—Å—Ç—Ä–æ–≤, –æ–±—É—á–∞—é—â–∏—Ö—Å—è –ø–æ –Ω–∞–ø—Ä–∞–≤–ª–µ–Ω–∏—è–º ¬´–ü—Ä–æ–≥—Ä–∞–º–º–Ω–∞—è –∏–Ω–∂–µ–Ω–µ—Ä–∏—è¬ª –∏ ¬´–ü—Ä–∏–∫–ª–∞–¥–Ω–∞—è –º–∞—Ç–µ–º–∞—Ç–∏–∫–∞ –∏ –∏–Ω—Ñ–æ—Ä–º–∞—Ç–∏–∫–∞¬ª, –∞ —Ç–∞–∫–∂–µ –º–æ–∂–µ—Ç –±—ã—Ç—å –ø–æ–ª–µ–∑–Ω–æ —à–∏—Ä–æ–∫–æ–º—É –∫—Ä—É–≥—É —á–∏—Ç–∞—Ç–µ–ª–µ–π, –∏–Ω—Ç–µ—Ä–µ—Å—É—é—â–∏—Ö—Å—è —Ä–∞–∑—Ä–∞–±–æ—Ç–∫–æ–π —Å–æ–≤—Ä–µ–º–µ–Ω–Ω—ã—Ö –∏–Ω—Ç–µ—Ä–Ω–µ—Ç-–ø—Ä–∏–ª–æ–∂–µ–Ω–∏–π. 
 
 #book@php2all #js@php2all #gamedev@php2all 
 
 (–ª–∏—Ç–µ—Ä–∞—Ç—É—Ä–∞ –ø–æ –ø—Ä–æ–≥—Ä–∞–º–º–∏—Ä–æ–≤–∞–Ω–∏—é https://vk.com/php2all/book )",pass
83,,pass
30,"–°–µ—Ä–≤–µ—Ä–Ω–æ–µ –ø—Ä–∏–º–µ–Ω–µ–Ω–∏–µ Linux, 3-–µ –∏–∑–¥–∞–Ω–∏–µ 
 
 –û–ø–∏—Å–∞–Ω–∞ –Ω–∞—Å—Ç—Ä–æ–π–∫–∞ —Ä–∞–∑–ª–∏—á–Ω—ã—Ö —Ç–∏–ø–æ–≤ —Å–µ—Ä–≤–µ—Ä–æ–≤: Web-, FTP-, DNS-, DHCP-, –ø–æ—á—Ç–æ–≤–æ–≥–æ —Å–µ—Ä–≤–µ—Ä–∞, —Å–µ—Ä–≤–µ—Ä–∞ –±–∞–∑ –¥–∞–Ω–Ω—ã—Ö. –ü–æ–¥—Ä–æ–±–Ω–æ —Ä–∞—Å—Å–º–æ—Ç—Ä–µ–Ω–∞ —É—Å—Ç–∞–Ω–æ–≤–∫–∞ –∏ –±–∞–∑–æ–≤–∞—è –Ω–∞—Å—Ç—Ä–æ–π–∫–∞ –æ–ø–µ—Ä–∞—Ü–∏–æ–Ω–Ω–æ–π —Å–∏—Å—Ç–µ–º—ã, –Ω–∞—Å—Ç—Ä–æ–π–∫–∞ —Å–≤—è–∑–∫–∏ Apache + MySQL + PHP, –¥–∞–Ω–æ –æ–±—â–µ–µ —É—Å—Ç—Ä–æ–π—Å—Ç–≤–æ Linux –∏ —Ä–∞–∑–æ–±—Ä–∞–Ω—ã –æ—Å–Ω–æ–≤–Ω—ã–µ –ø—Ä–∏–Ω—Ü–∏–ø—ã —Ä–∞–±–æ—Ç—ã —Å —ç—Ç–æ–π –æ–ø–µ—Ä–∞—Ü–∏–æ–Ω–Ω–æ–π —Å–∏—Å—Ç–µ–º–æ–π. –û—Ç–¥–µ–ª—å–Ω–æ–µ –≤–Ω–∏–º–∞–Ω–∏–µ —É–¥–µ–ª–µ–Ω–æ –∑–∞—â–∏—Ç–µ —Å–µ—Ä–≤–µ—Ä–∞ –Ω–∞ –±–∞–∑–µ Linux: –Ω–∞—Å—Ç—Ä–æ–π–∫–∞ –±—Ä–∞–Ω–¥–º–∞—É—ç—Ä–∞, –∑–∞—â–∏—Ç–∞ –º–∞—Ä—à—Ä—É—Ç–∏–∑–∞—Ç–æ—Ä–∞ –∏ —Ç–æ—á–∫–∏ –¥–æ—Å—Ç—É–ø–∞ –∏ —Ç. –¥. –û–ø–∏—Å–∞–Ω–∞ —Ä–∞–±–æ—Ç–∞ —Å–∏—Å—Ç–µ–º—ã –∫–æ–Ω—Ç—Ä–æ–ª—è –¥–æ—Å—Ç—É–ø–∞ Tomoyo, –ø—Ä–æ–∫—Å–∏-—Å–µ—Ä–≤–µ—Ä–æ–≤ Squid –∏ SquidGuard. –ò–∑–ª–æ–∂–µ–Ω–∏–µ –æ—Å–Ω–æ–≤–∞–Ω–æ –Ω–∞ –ø–æ—Å–ª–µ–¥–Ω–∏—Ö –Ω–∞ –º–æ–º–µ–Ω—Ç –Ω–∞–ø–∏—Å–∞–Ω–∏—è –∫–Ω–∏–≥–∏ –≤–µ—Ä—Å–∏—è—Ö –ø–æ–ø—É–ª—è—Ä–Ω—ã—Ö –¥–∏—Å—Ç—Ä–∏–±—É—Ç–∏–≤–æ–≤ Fedora, Mandriva, Ubuntu, openSUSE. –¢—Ä–µ—Ç—å–µ –∏–∑–¥–∞–Ω–∏–µ —Å—É—â–µ—Å—Ç–≤–µ–Ω–Ω–æ –¥–æ–ø–æ–ª–Ω–µ–Ω–æ –Ω–æ–≤—ã–º –º–∞—Ç–µ—Ä–∏–∞–ª–æ–º: —Ä–∞—Å—Å–º–∞—Ç—Ä–∏–≤–∞–µ—Ç—Å—è –¥–∏—Å—Ç—Ä–∏–±—É—Ç–∏–≤ openSUSE, –ø—Ä–∏–≤–æ–¥–∏—Ç—Å—è —Ä–∞—Å—à–∏—Ä–µ–Ω–Ω–æ–µ –æ–ø–∏—Å–∞–Ω–∏–µ –±—Ä–∞–Ω–¥–º–∞—É—ç—Ä–∞ iptables, –Ω–∞—Å—Ç—Ä–æ–π–∫–∞ —Å–µ—Ç–∏ –ø—Ä–æ–∏–∑–≤–æ–¥–∏—Ç—Å—è –Ω–µ —Ç–æ–ª—å–∫–æ —Å –ø–æ–º–æ—â—å—é –≥—Ä–∞—Ñ–∏—á–µ—Å–∫–∏—Ö –∫–æ–Ω—Ñ–∏–≥—É—Ä–∞—Ç–æ—Ä–æ–≤, –Ω–æ –∏ —Å –ø–æ–º–æ—â—å—é –∫–æ–Ω—Ñ–∏–≥—É—Ä–∞—Ü–∏–æ–Ω–Ω—ã—Ö —Ñ–∞–π–ª–æ–≤ —Å–∏—Å—Ç–µ–º—ã, —Ä–∞—Å—Å–º–æ—Ç—Ä–µ–Ω—ã —Å—Ä–µ–¥—Å—Ç–≤–∞ —Ä–µ–∑–µ—Ä–≤–Ω–æ–≥–æ –∫–æ–ø–∏—Ä–æ–≤–∞–Ω–∏—è remastersys, Clonezilla, Linux Live. –î–ª—è –∞–¥–º–∏–Ω–∏—Å—Ç—Ä–∞—Ç–æ—Ä–æ–≤ Linux –∏ –æ–ø—ã—Ç–Ω—ã—Ö –ø–æ–ª—å–∑–æ–≤–∞—Ç–µ–ª–µ–π. 
 #book@php2all #linux@php2all 
 
 –ö–Ω–∏–≥–∏ –≤ –∞–ª—å–±–æ–º–µ https://vk.com/php2all/book",pass
67,"–£—Ä–æ–∫–∏ Python –æ—Ç Web Developer Blog. –ß–∞—Å—Ç—å 2. 
  
 1. –°–ø–∏—Å–∫–∏ (–ú–∞—Å—Å–∏–≤—ã) 
 2. –ö–æ—Ä—Ç–µ–∂–∏ 
 3. –°–ª–æ–≤–∞—Ä–∏ (dict) 
 4. –ú–Ω–æ–∂–µ—Å—Ç–≤–∞ (Set, Frozenset) 
 5. –°—Ç—Ä–æ–∫–∏, –≤—Å—è —Ä–∞–±–æ—Ç–∞ 
 6. –†–∞–±–æ—Ç–∞ —Å —Ñ–∞–π–ª–∞–º–∏ 
 7. –ú–æ–¥—É–ª–∏ 
 –ü–µ—Ä–≤–∞—è —á–∞—Å—Ç—å 1: https://vk.com/wall-54530371_256949 
 
 #video@php2all  ( –≤–∏–¥–µ–æ–∫—É—Ä—Å—ã –≤ –∞–ª—å–±–æ–º–µ https://vk.com/videos-3183750 )",pass
110,–ü—Ä–æ–≥—Ä–∞–º–º–∏—Å—Ç—ã –≤ —Ñ–∏–ª—å–º–∞—Ö,pass
50,,pass
50,"–ò—Å–∫—É—Å—Å—Ç–≤–µ–Ω–Ω—ã–π –∏–Ω—Ç–µ–ª–ª–µ–∫—Ç –∏ –Ω–µ–π—Ä–æ–Ω–Ω—ã–µ —Å–µ—Ç–∏ C# 
 –ü—Ä–æ—Å—Ç–∞—è –Ω–µ–π—Ä–æ—Å–µ—Ç—å. 
 –û–±—É—á–µ–Ω–∏–µ –Ω–µ–π—Ä–æ–Ω–Ω—ã—Ö —Å–µ—Ç–µ–π. –ê–ª–≥–æ—Ä–∏—Ç–º –æ–±—Ä–∞—Ç–Ω–æ–≥–æ —Ä–∞—Å–ø—Ä–æ—Å—Ç—Ä–∞–Ω–µ–Ω–∏—è –æ—à–∏–±–∫–∏ 
 –ù–æ—Ä–º–∞–ª–∏–∑–∞—Ü–∏—è –∏ –º–∞—Å—à—Ç–∞–±–∏—Ä–æ–≤–∞–Ω–∏–µ –¥–∞–Ω–Ω—ã—Ö. –û–±—É—á–µ–Ω–∏–µ –ø–æ Dataset. 
 –ö–æ–º–ø—å—é—Ç–µ—Ä–Ω–æ–µ –∑—Ä–µ–Ω–∏–µ –∏ —Ä–∞—Å–ø–æ–∑–Ω–∞–≤–∞–Ω–∏–µ –æ–±—Ä–∞–∑–æ–≤ –Ω–µ–π—Ä–æ–Ω–Ω–æ–π —Å–µ—Ç—å—é 
 –ò–Ω—Ñ–æ—Ä–º–∞—Ü–∏–æ–Ω–Ω–∞—è —Å–∏—Å—Ç–µ–º–∞ –º–µ–¥–∏—Ü–∏–Ω—Å–∫–æ–π –æ—Ä–≥–∞–Ω–∏–∑–∞—Ü–∏–∏ 
 #neural   #csharp   
  
 
 #video@php2all  ( –∏–Ω—Ç–µ—Ä–µ—Å–Ω—ã–µ –≤–∏–¥–µ–æ–∫—É—Ä—Å—ã https://vk.com/videos-3183750 )",pass
31,"–ü—Ä–æ–≥—Ä–∞–º–º–∏—Ä–æ–≤–∞–Ω–∏–µ –Ω–∞ C –¥–ª—è –Ω–∞—á–∏–Ω–∞—é—â–∏—Ö, 3-–µ –∏–∑–¥–∞–Ω–∏–µ 
 –ê–≤—Ç–æ—Ä: –ì—Ä–µ–≥ –ü–µ—Ä—Ä–∏, –î–∏–Ω –ú–∏–ª–ª–µ—Ä 
 –ì–æ–¥: 2015 
 –ß—Ç–æ–±—ã –ø–∏—Å–∞—Ç—å –º–æ—â–Ω—ã–µ –ø—Ä–æ–≥—Ä–∞–º–º—ã –Ω–∞ C, –Ω–µ–æ–±—è–∑–∞—Ç–µ–ª—å–Ω–æ –±—ã—Ç—å —ç–∫—Å–ø–µ—Ä—Ç–æ–º! –≠—Ç–∞ –∫–Ω–∏–≥–∞ –º–∞–∫—Å–∏–º–∞–ª—å–Ω–æ –±—ã—Å—Ç—Ä–æ –ø–æ–º–æ–∂–µ—Ç –≤–∞–º –æ—Å–≤–æ–∏—Ç—å —è–∑—ã–∫ C –±–ª–∞–≥–æ–¥–∞—Ä—è –Ω–µ–≤–µ—Ä–æ—è—Ç–Ω–æ —á–µ—Ç–∫–æ–º—É –∏ –ø—Ä–æ—Å—Ç–æ–º—É –∏–∑–ª–æ–∂–µ–Ω–∏—é –º–∞—Ç–µ—Ä–∏–∞–ª–∞. –í—ã –∏–∑—É—á–∏—Ç–µ –≤—Å–µ –æ—Å–Ω–æ–≤–Ω—ã–µ —Ç–µ–º—ã, —Å–≤—è–∑–∞–Ω–Ω—ã–µ —Å —ç—Ç–∏–º —è–∑—ã–∫–æ–º: –∫–∞–∫ –æ—Ä–≥–∞–Ω–∏–∑–æ–≤–∞—Ç—å –ø—Ä–æ–≥—Ä–∞–º–º—É, —Ö—Ä–∞–Ω–∏—Ç—å –∏ –æ—Ç–æ–±—Ä–∞–∂–∞—Ç—å –¥–∞–Ω–Ω—ã–µ, —Ä–∞–±–æ—Ç–∞—Ç—å —Å –ø–µ—Ä–µ–º–µ–Ω–Ω—ã–º–∏, –æ–ø–µ—Ä–∞—Ç–æ—Ä–∞–º–∏, –≤–≤–æ–¥–æ–º/–≤—ã–≤–æ–¥–æ–º, —É–∫–∞–∑–∞—Ç–µ–ª—è–º–∏, –º–∞—Å—Å–∏–≤–∞–º–∏, —Ñ—É–Ω–∫—Ü–∏—è–º–∏ –∏ –º–Ω–æ–≥–∏–º–∏ –¥—Ä—É–≥–∏–º–∏ –≤–µ—â–∞–º–∏. –Ø–∑—ã–∫ –ø—Ä–æ–≥—Ä–∞–º–º–∏—Ä–æ–≤–∞–Ω–∏—è C –µ—â–µ –Ω–∏–∫–æ–≥–¥–∞ –Ω–µ –±—ã–ª —Ç–∞–∫–∏–º –ø—Ä–æ—Å—Ç—ã–º! 
 –û–∫–∞–∑—ã–≤–∞–µ—Ç—Å—è, —è–∑—ã–∫ –ø—Ä–æ–≥—Ä–∞–º–º–∏—Ä–æ–≤–∞–Ω–∏—è C –º–æ–∂–µ—Ç –±—ã—Ç—å –ø—Ä–æ—Å—Ç—ã–º! 
 –ü–µ—Ä–µ–¥ –≤–∞–º–∏ ‚Äì –ª—É—á—à–∞—è –∏–∑ —Å–æ–≤—Ä–µ–º–µ–Ω–Ω—ã—Ö –∫–Ω–∏–≥ –ø–æ –ø—Ä–æ–≥—Ä–∞–º–º–∏—Ä–æ–≤–∞–Ω–∏—é –Ω–∞ C –¥–ª—è –Ω–∞—á–∏–Ω–∞—é—â–∏—Ö. –û–Ω–∞ –ø–æ–º–æ–∂–µ—Ç –≤–∞–º –ø—Ä–∏–æ–±—Ä–µ—Å—Ç–∏ –ø—Ä–∞–∫—Ç–∏—á–µ—Å–∫–∏–µ –Ω–∞–≤—ã–∫–∏, –∫–æ—Ç–æ—Ä—ã–µ –ø—Ä–∏–≥–æ–¥—è—Ç—Å—è –ø—Ä–∏ –ø—Ä–æ–≥—Ä–∞–º–º–∏—Ä–æ–≤–∞–Ω–∏–∏ –Ω–∞ –ª—é–±–æ–º —è–∑—ã–∫–µ. –ü—Ä–æ—Å—Ç—ã–µ –∏ –¥–µ–ª—å–Ω—ã–µ –ø—Ä–∏–º–µ—Ä—ã –ø–æ–º–æ–≥—É—Ç –≤–∞–º –Ω–∞—á–∞—Ç—å —Å–æ–∑–¥–∞–≤–∞—Ç—å —Ä–∞–∑–ª–∏—á–Ω—ã–µ –ø—Ä–æ–≥—Ä–∞–º–º—ã ‚Äì –æ—Ç –∏–≥—Ä –¥–æ –º–æ–±–∏–ª—å–Ω—ã—Ö –ø—Ä–∏–ª–æ–∂–µ–Ω–∏–π ‚Äì –Ω–∞ —è–∑—ã–∫–µ C. 
  
 ‚óè –°—Ç—Ä—É–∫—Ç—É—Ä–∞ –ø—Ä–æ–≥—Ä–∞–º–º—ã 
 ‚óè –õ–æ–≥–∏—á–µ—Å–∫–∏–µ –æ–ø–µ—Ä–∞—Ç–æ—Ä—ã –∏ –≤—ã—Ä–∞–∂–µ–Ω–∏—è 
 ‚óè –ü–µ—Ä–µ–º–µ–Ω–Ω—ã–µ 
 ‚óè –¶–∏–∫–ª—ã 
 ‚óè –í—Å—Ç—Ä–æ–µ–Ω–Ω—ã–µ —Ñ—É–Ω–∫—Ü–∏–∏ 
 ‚óè –ú–∞—Å—Å–∏–≤—ã –∏ —É–∫–∞–∑–∞—Ç–µ–ª–∏ 
 ‚óè –¢–µ—Å—Ç–∏—Ä–æ–≤–∞–Ω–∏–µ –ø—Ä–æ–≥—Ä–∞–º–º 
 ‚óè –ì–µ–Ω–µ—Ä–∞—Ü–∏—è –≤—ã–≤–æ–¥–∞ 
 #book@php2all #c__@php2all 
  
  (–ª–∏—Ç–µ—Ä–∞—Ç—É—Ä–∞ –ø–æ –ø—Ä–æ–≥—Ä–∞–º–º–∏—Ä–æ–≤–∞–Ω–∏—é https://vk.com/php2all/book )",pass
3,"–ú–µ—á—Ç–∞–ª–∏ –∫–æ–≥–¥–∞-–Ω–∏–±—É–¥—å –Ω–∞–ø–∏—Å–∞—Ç—å ¬´Hello, World!¬ª –Ω–∞ —Ñ–∞—Ä—Å–∏? 

–¢–æ–≥–¥–∞ —Å–¥–∞–≤–∞–π—Ç–µ –≤—Å—Ç—É–ø–∏—Ç–µ–ª—å–Ω—ã–π —Ç–µ—Å—Ç –∏ –∑–∞–ø–∏—Å—ã–≤–∞–π—Ç–µ—Å—å –Ω–∞ –≤–µ–±–∏–Ω–∞—Ä 22 –∏—é–Ω—è –≤ 20:00 (–º—Å–∫): https://otus.pw/5LGu/

üñç–í—ã —Ä–∞–∑–±–µ—Ä—ë—Ç–µ—Å—å –≤ –∏—Å–ø–æ–ª—å–∑–æ–≤–∞–Ω–∏–∏ Unicode –≤ –ø—Ä–æ–≥—Ä–∞–º–º–∞—Ö —Ä–∞–∑–ª–∏—á–Ω—ã–º–∏ —Å–ø–æ—Å–æ–±–∞–º–∏. 
üñç–ü–æ–¥—Ä–æ–±–Ω–æ –∏–∑—É—á–∏—Ç–µ —Å—Ç–∞—Ä—ã–µ-–¥–æ–±—Ä—ã–µ –ø—Ä–∏—ë–º—ã –ø–æ –ª–æ–∫–∞–ª–∏–∑–∞—Ü–∏–∏ –ø—Ä–∏–ª–æ–∂–µ–Ω–∏–π –Ω–∞ C++. 
üñç–ü–æ—Å–º–æ—Ç—Ä–∏—Ç–µ, –∫–∞–∫ —Ä–∞–∑–±–∏—Ä–∞—Ç—å—Å—è —Å ¬´–∫—Ä–∞–∫–æ–∑—è–±—Ä–∞–º–∏¬ª. 
üñç–£–∑–Ω–∞–µ—Ç–µ –Ω–æ–≤–æ–µ –∑–Ω–∞—á–µ–Ω–∏–µ —Å–ª–æ–≤–∞ ¬´–∫–æ–¥–∏—Ä–æ–≤–∫–∞¬ª.

–í–µ–¥–µ—Ç –ú–∞—Ä–∞—Ç –°–µ–π—Ñ—É–ª–ª–∏–Ω - –≤–µ–¥—É—â–∏–π GoLang —Ä–∞–∑—Ä–∞–±–æ—Ç—á–∏–∫, –∑–Ω–∞—Ç–æ–∫ BigData –∏ High Load-–∞. –í–µ–±–∏–Ω–∞—Ä –ø—Ä–æ–π–¥–µ—Ç –≤ —Ä–∞–º–∫–∞—Ö –Ω–∞–±–æ—Ä–∞ –Ω–∞ –æ–Ω–ª–∞–π–Ω –∫—É—Ä—Å ""–†–∞–∑—Ä–∞–±–æ—Ç—á–∏–∫ –°++"".",pass
54,"–¢–µ—Ö–Ω–æ–ª–æ–≥–∏–∏ Java 
 –ù–∞—á–∏–Ω–∞–µ–º –ø—Ä–æ–≥—Ä–∞–º–º–∏—Ä–æ–≤–∞—Ç—å –Ω–∞ Java 
 –û–±—ä–µ–∫—Ç–Ω–æ-–æ—Ä–∏–µ–Ω—Ç–∏—Ä–æ–≤–∞–Ω–Ω—ã–µ –∫–æ–Ω—Å—Ç—Ä—É–∫—Ü–∏–∏ Java 
 –ö–æ–ª–ª–µ–∫—Ü–∏–∏ –≤ Java 
 –ò—Å–ø–æ–ª—å–∑–æ–≤–∞–Ω–∏–µ XML –≤ Java 
 –ú–Ω–æ–≥–æ–ø–æ—Ç–æ—á–Ω–æ–µ –ø—Ä–æ–≥—Ä–∞–º–º–∏—Ä–æ–≤–∞–Ω–∏–µ –≤ Java 
 –ë–∞–∑—ã –¥–∞–Ω–Ω—ã—Ö –≤ Java 
 Web-–ø—Ä–æ–≥—Ä–∞–º–º–∏—Ä–æ–≤–∞–Ω–∏–µ –≤ Java 
 Web-–ø—Ä–æ–≥—Ä–∞–º–º–∏—Ä–æ–≤–∞–Ω–∏–µ –≤ Java 
 –ß—Ç–æ —Ç–∞–∫–æ–µ –û–û–ü –∏ –®–ü –ß–∞—Å—Ç—å 1 
 –ß—Ç–æ —Ç–∞–∫–æ–µ –û–û–ü –∏ –®–ü –ß–∞—Å—Ç—å 2 
 #java   
  
 
 #video@php2all  ( –∏–Ω—Ç–µ—Ä–µ—Å–Ω—ã–µ –≤–∏–¥–µ–æ–∫—É—Ä—Å—ã https://vk.com/videos-3183750 )",pass
26,for(int i = 0; i &lt; 3; i++){punch++;} sleep(360);,pass
40,"–ö–æ–¥. –¢–∞–π–Ω—ã–π —è–∑—ã–∫ –∏–Ω—Ñ–æ—Ä–º–∞—Ç–∏–∫–∏ 
  
 –ê–≤—Ç–æ—Ä: –ß–∞—Ä–ª—å–∑ –ü–µ—Ç—Ü–æ–ª—å–¥ 
  
 –≠—Ç–∞ –∫–Ω–∏–≥–∞ ‚Äì –∞–∑–±—É–∫–∞ –∫–æ–º–ø—å—é—Ç–µ—Ä–Ω—ã—Ö —Ç–µ—Ö–Ω–æ–ª–æ–≥–∏–π. –®–∞–≥ –∑–∞ —à–∞–≥–æ–º –∞–≤—Ç–æ—Ä –∑–Ω–∞–∫–æ–º–∏—Ç —á–∏—Ç–∞—Ç–µ–ª—è —Å —Å—É—â–Ω–æ—Å—Ç—å—é –∫–æ–¥–∏—Ä–æ–≤–∞–Ω–∏—è –∏–Ω—Ñ–æ—Ä–º–∞—Ü–∏–∏, —Ä–∞—Å—Å–∫–∞–∑—ã–≤–∞–µ—Ç –æ–± –∏—Å—Ç–æ—Ä–∏–∏ –≤–æ–∑–Ω–∏–∫–Ω–æ–≤–µ–Ω–∏—è –∫–æ–º–ø—å—é—Ç–µ—Ä–æ–≤, –Ω–∞ –ø—Ä–∞–∫—Ç–∏—á–µ—Å–∫–∏—Ö –ø—Ä–∏–º–µ—Ä–∞—Ö –ø–æ–º–æ–≥–∞–µ—Ç –æ—Å–≤–æ–∏—Ç—å –æ—Å–Ω–æ–≤–Ω—ã–µ –∫–æ–Ω—Ü–µ–ø—Ü–∏–∏ –∏–Ω—Ñ–æ—Ä–º–∞—Ü–∏–æ–Ω–Ω—ã—Ö —Ç–µ—Ö–Ω–æ–ª–æ–≥–∏–π, –ø–æ–¥—Ä–æ–±–Ω–æ –∏–∑–ª–∞–≥–∞–µ—Ç –ø—Ä–∏–Ω—Ü–∏–ø—ã —Ä–∞–±–æ—Ç—ã –ø—Ä–æ—Ü–µ—Å—Å–æ—Ä–∞ –∏ –¥—Ä—É–≥–∏—Ö —É—Å—Ç—Ä–æ–π—Å—Ç–≤ –∫–æ–º–ø—å—é—Ç–µ—Ä–∞. 
  
 –ù–∞–ø–∏—Å–∞–Ω–Ω–∞—è –∂–∏–≤–æ, –¥–æ—Å—Ç—É–ø–Ω–æ, –∏–Ω–æ–≥–¥–∞ –∏—Ä–æ–Ω–∏—á–Ω–æ, –∫–Ω–∏–≥–∞ –±–æ–≥–∞—Ç–æ –∏–ª–ª—é—Å—Ç—Ä–∏—Ä–æ–≤–∞–Ω–∞, —Å–æ—Å—Ç–æ–∏—Ç –∏–∑ 25 –≥–ª–∞–≤ –∏ –ø—Ä–µ–¥–º–µ—Ç–Ω–æ–≥–æ —É–∫–∞–∑–∞—Ç–µ–ª—è. 
  
 –ò–∑–¥–∞–Ω–∏–µ –∞–¥—Ä–µ—Å–æ–≤–∞–Ω–æ –≤ –ø–µ—Ä–≤—É—é –æ—á–µ—Ä–µ–¥—å —Å—Ç—É–¥–µ–Ω—Ç–∞–º –≤—É–∑–æ–≤ (–∫–∞–∫ –≥—É–º–∞–Ω–∏—Ç–∞—Ä–Ω—ã—Ö, —Ç–∞–∫ –∏ —Ç–µ—Ö–Ω–∏—á–µ—Å–∫–∏—Ö), –∞ —Ç–∞–∫–∂–µ –≤—Å–µ–º, –∫—Ç–æ –∏–Ω—Ç–µ—Ä–µ—Å—É–µ—Ç—Å—è –ø—Ä–∏–Ω—Ü–∏–ø–∞–º–∏ —Å–æ–∑–¥–∞–Ω–∏—è –∏ —Ä–∞–±–æ—Ç—ã –∫–æ–º–ø—å—é—Ç–µ—Ä–æ–≤. 
 #book@php2all 
  
  (–ª–∏—Ç–µ—Ä–∞—Ç—É—Ä–∞ –ø–æ –ø—Ä–æ–≥—Ä–∞–º–º–∏—Ä–æ–≤–∞–Ω–∏—é https://vk.com/php2all/book )",pass
64,"–í–∏–¥–µ–æ–∫—É—Ä—Å –ø–æ —è–∑—ã–∫—É Python 
  
 1. –£—Å—Ç–∞–Ω–æ–≤–∫–∞ –∏ –Ω–∞—Å—Ç—Ä–æ–π–∫–∞ –¥–ª—è Mac –∏ Windows 
 2. –†–∞–±–æ—Ç–∞ —Å —Ç–µ–∫—Å—Ç–æ–≤—ã–º–∏ –¥–∞–Ω–Ω—ã–º–∏ 
 3. –†–∞–±–æ—Ç–∞ —Å —á–∏—Å–ª–æ–≤—ã–º–∏ –¥–∞–Ω–Ω—ã–º–∏ 
 4. –°–ø–∏—Å–∫–∏, –∫–æ—Ä—Ç–µ–∂–∏ –∏ –º–Ω–æ–∂–µ—Å—Ç–≤–∞ 
 5. –°–ª–æ–≤–∞—Ä–∏. –†–∞–±–æ—Ç–∞ —Å –ø–∞—Ä–∞–º–∏ –∫–ª—é—á-–∑–Ω–∞—á–µ–Ω–∏–µ 
 6. –£—Å–ª–æ–≤–Ω—ã–µ –∏ –ª–æ–≥–∏—á–µ—Å–∫–∏–µ –≤—ã—Ä–∞–∂–µ–Ω–∏—è - If, Else –∏ Elif Statements 
 7. –¶–∏–∫–ª—ã –∏ –∏—Ç–µ—Ä–∞—Ü–∏–∏ - For/While 
 8. –§—É–Ω–∫—Ü–∏–∏ 
 9. –ò–º–ø–æ—Ä—Ç –º–æ–¥—É–ª–µ–π –∏ –∏–∑—É—á–µ–Ω–∏–µ —Å—Ç–∞–Ω–¥–∞—Ä—Ç–Ω–æ–π –±–∏–±–ª–∏–æ—Ç–µ–∫–∏ 
  
 –°–º–æ—Ç—Ä–∏—Ç–µ —Ç–∞–∫–∂–µ –ø–æ–ª–µ–∑–Ω—ã–µ —Å—Ç–∞—Ç—å–∏ –ø–æ —Ç–µ–º–µ: 
  
 ? –ü—Ä–æ–≥—Ä–∞–º–º–∏—Ä–æ–≤–∞–Ω–∏–µ –Ω–∞ Python: –æ—Ç –Ω–æ–≤–∏—á–∫–∞ –¥–æ –ø—Ä–æ—Ñ–µ—Å—Å–∏–æ–Ω–∞–ª–∞ 
 https://proglib.io/p/python-from-newbie-to-profession.. 
 ? Python: –ø—Ä–∞–∫—Ç–∏–∫–∏ –¥–ª—è –Ω–∞–ø–∏—Å–∞–Ω–∏—è —ç—Ñ—Ñ–µ–∫—Ç–∏–≤–Ω–æ–≥–æ –∫–æ–¥–∞ 
 https://proglib.io/p/efficient-python-practices/ 
 ? 10 —Å–∫—Ä—ã—Ç—ã—Ö –æ—Å–æ–±–µ–Ω–Ω–æ—Å—Ç–µ–π Python 
 https://proglib.io/p/hidden-features-of-python/ 
 #python   #novice   
  
 
 #video@php2all  ( –∏–Ω—Ç–µ—Ä–µ—Å–Ω—ã–µ –≤–∏–¥–µ–æ–∫—É—Ä—Å—ã https://vk.com/videos-3183750 )",pass
38,"GSM –•–∞–∫–∏–Ω–≥ 
 ‚úÖ–î–µ–∫–æ–¥–∏—Ä—É–µ–º GSM —Å –∏—Å–ø–æ–ª—å–∑–æ–≤–∞–Ω–∏–µ–º SDR –∏ GR-GSM 
 ‚úÖ–î–µ–∫–æ–¥–∏—Ä—É–µ–º —Ü–∏—Ñ—Ä–æ–≤—É—é —Ä–∞–¥–∏–æ—Å–≤—è–∑—å —Å –ø–æ–º–æ—â—å—é DSD+ –∏ SDRSharp 
 ‚úÖSDR –Ω–∞ DEFCON - –í—Å–µ –≤–∞—à–∏ —Ä–∞–¥–∏–æ—á–∞—Å—Ç–æ—Ç—ã –ø—Ä–∏–Ω–∞–¥–ª–µ–∂–∞—Ç –º–Ω–µ. –ß–∞—Å—Ç—å 1 
 ‚úÖSDR –Ω–∞ DEFCON - –í—Å–µ –≤–∞—à–∏ —Ä–∞–¥–∏–æ—á–∞—Å—Ç–æ—Ç—ã –ø—Ä–∏–Ω–∞–¥–ª–µ–∂–∞—Ç –º–Ω–µ. –ß–∞—Å—Ç—å 2 
 ‚úÖSDR –Ω–∞ DEFCON - –í—Å–µ –≤–∞—à–∏ —Ä–∞–¥–∏–æ—á–∞—Å—Ç–æ—Ç—ã –ø—Ä–∏–Ω–∞–¥–ª–µ–∂–∞—Ç –º–Ω–µ. –ß–∞—Å—Ç—å 3 
 ‚úÖSDR —Å HackRF. –£—Ä–æ–∫ 1 - –î–æ–±—Ä–æ –ø–æ–∂–∞–ª–æ–≤–∞—Ç—å. –ú–∞–π–∫–ª –û—Å–º–∞–Ω 
 ‚úÖHackRF One –ø–µ—Ä–≤–æ–µ –∑–Ω–∞–∫–æ–º—Å—Ç–≤–æ —Å —É—Å—Ç—Ä–æ–π—Å—Ç–≤–æ–º. –û–±–∑–æ—Ä –∏ —Ä–∞–∑–±–æ—Ä–∫–∞ SDR —Ä–∞–¥–∏–æ 
 ‚úÖHackRF One + SDRSharp –Ω–∞—Å—Ç—Ä–æ–π–∫–∞ –∏ –æ–ø–∏—Å–∞–Ω–∏–µ –ø—Ä–æ–≥—Ä–∞–º–º—ã 
 #video   #hack   
  
 
 #video@php2all  ( –≤–∏–¥–µ–æ–∫—É—Ä—Å—ã –≤ –∞–ª—å–±–æ–º–µ https://vk.com/videos-3183750 )",pass
180,,pass
18,"#–ª–∏—Ç–µ—Ä–∞—Ç—É—Ä–∞@php2all –æ—Ç (—à) 
 –ù–æ–≤–∞—è –ø–∞—Ä–∞ –∫–Ω–∏–≥ –ø–æ –¥–∏–∑–∞–π–Ω—É 
 ¬´–£–Ω–∏–≤–µ—Ä—Å–∞–ª—å–Ω—ã–µ –ø—Ä–∏–Ω—Ü–∏–ø—ã –¥–∏–∑–∞–π–Ω–∞¬ª –∞–≤—Ç–æ—Ä–∞ –£. –õ–∏–¥–≤–µ–ª–ª, –ö. –•–æ–ª–¥–µ–Ω. 
 –ü–æ–º–æ–∂–µ—Ç –¥–æ–±–∏—Ç—å—Å—è –ø—Ä–∞–≤–∏–ª—å–Ω–æ–≥–æ —Å–æ—á–µ—Ç–∞–Ω–∏—è —è—Å–Ω–æ—Å—Ç–∏, –ø—Ä–æ—Å—Ç–æ—Ç—ã –∏ —Ñ—É–Ω–∫—Ü–∏–æ–Ω–∞–ª—å–Ω–æ—Å—Ç–∏ –≤ –¥–∏–∑–∞–π–Ω–µ, —á—Ç–æ —Å–æ–∑–¥–∞—Å—Ç –ø—Ä–∏–≤–ª–µ–∫–∞—Ç–µ–ª—å–Ω—ã–π –≤–Ω–µ—à–Ω–∏–π –≤–∏–¥ –≤–∞—à–∏–º —Ä–∞–±–æ—Ç–∞–º. 
 """"Graphic Design Solutions"""" –∞–≤—Ç–æ—Ä Robin Landa. 
 –ü—Ä–∏–≤–æ–¥–∏—Ç –º–Ω–æ–∂–µ—Å—Ç–≤–æ –ø—Ä–∏–º–µ—Ä–æ–≤ –≤–∏–∑—É–∞–ª—å–Ω—ã—Ö –∏ –∫–æ–º–ø–æ–∑–∏—Ü–∏–æ–Ω–Ω—ã—Ö —Ä–µ—à–µ–Ω–∏–π –¥–∏–∑–∞–π–Ω–µ—Ä—Å–∫–∏—Ö –∑–∞–¥–∞—á –≤ –±—Ä–µ–Ω–¥–∏–Ω–≥–µ, –ª–æ–≥–æ—Ç–∏–ø–∞—Ö, –≤–µ–± –¥–∏–∑–∞–π–Ω–µ, –ø–æ—Å—Ç–µ—Ä–∞—Ö –∏ –æ–±–ª–æ–∂–∫–∞—Ö –∫–Ω–∏–≥.",pass
56,"–ü–æ–¥–±–æ—Ä–∫–∞ –º–∞—Ç–µ—Ä–∏–∞–ª–æ–≤ –ø–æ –∞–Ω–≥–ª–∏–π—Å–∫–æ–º—É —è–∑—ã–∫—É –¥–ª—è IT-—Å–ø–µ—Ü–∏–∞–ª–∏—Å—Ç–æ–≤. 
 Beginner - Pre-Intermediate: 
 1. English for Information Technology [Pearson Longman] 
 –°–æ—Å—Ç–∞–≤–ª—è—é—â–∏–µ –∫—É—Ä—Å–∞: –∫–Ω–∏–≥–∞ –¥–ª—è —Å—Ç—É–¥–µ–Ω—Ç–æ–≤ + –∞—É–¥–∏–æ –∫ –Ω–µ–π, –∫–Ω–∏–≥–∞ –¥–ª—è —É—á–∏—Ç–µ–ª—è, –≥–ª–æ—Å—Å–∞—Ä–∏–∏ –∏ —Ç–µ—Å—Ç—ã. 
 2. Basic English for Computing [Oxford] 
 –ü–æ–ª–Ω–æ—Ü–µ–Ω–Ω—ã–π –∫—É—Ä—Å, —É–ø–æ—Ä –≤ –∫–æ—Ç–æ—Ä–æ–º –¥–µ–ª–∞–µ—Ç—Å—è –Ω–∞ —Ä–∞–≤–Ω–æ–º–µ—Ä–Ω–æ–µ —Ä–∞–∑–≤–∏—Ç–∏–µ –≤—Å–µ—Ö —á–µ—Ç—ã—Ä–µ—Ö –Ω–∞–≤—ã–∫–æ–≤ –≤–ª–∞–¥–µ–Ω–∏—è –∏–Ω–æ—Å—Ç—Ä–∞–Ω–Ω—ã–º —è–∑—ã–∫–æ–º: —á—Ç–µ–Ω–∏–µ, 
 –ø–æ–Ω–∏–º–∞–Ω–∏–µ –Ω–∞ —Å–ª—É—Ö, –ø–∏—Å—å–º–æ –∏ —Ä–∞–∑–≥–æ–≤–æ—Ä–Ω–æ–π —Ä–µ—á–∏. 
 Intermediate - Advanced: 
 3. Infotech English for Computer Users [Cambridge] 
 –°–æ—Å—Ç–∞–≤–ª—è—é—â–∏–µ –∫—É—Ä—Å–∞: –∫–Ω–∏–≥–∞ —Å—Ç—É–¥–µ–Ω—Ç–∞ + –∞—É–¥–∏–æ –∫ –Ω–µ–π –∏ –∫–Ω–∏–≥–∞ –¥–ª—è —É—á–∏—Ç–µ–ª—è. 
 4. Oxford English for Computing 
 –°–æ—Å—Ç–∞–≤–ª—è—é—â–∏–µ –∫—É—Ä—Å–∞: –∫–Ω–∏–≥–∞ —Å—Ç—É–¥–µ–Ω—Ç–∞ + –∞—É–¥–∏–æ –∫ –Ω–µ–π. 
 5. Oxford English for Information Technology 
 –°–æ—Å—Ç–∞–≤–ª—è—é—â–∏–µ –∫—É—Ä—Å–∞: –∫–Ω–∏–≥–∞ —Å—Ç—É–¥–µ–Ω—Ç–∞ + –∞—É–¥–∏–æ –∫ –Ω–µ–π. 
 Advanced: 
 6. Language and the Internet [Cambridge] 
 In recent years, the Internet has come to dominate our lives. There is a widespread view that as 'technospeak' comes to rule, standards will be lost. In this book, David Crystal argues the reverse: that the Internet has encouraged a dramatic expansion in the variety and creativity of language. Covering a range of Internet genres, including e-mail, chat, and the Web, this is a revealing account of how the Internet is radically changing the way we use language. 
 #book@php2all #english@php2all 
  
  (–ª–∏—Ç–µ—Ä–∞—Ç—É—Ä–∞ –ø–æ –ø—Ä–æ–≥—Ä–∞–º–º–∏—Ä–æ–≤–∞–Ω–∏—é https://vk.com/php2all/book )",pass
35,"–ï—â—ë –æ–¥–∏–Ω –∫—É—Ä—Å –ø–æ Java (—Ç–µ–æ—Ä–∏—è + –ø—Ä–∞–∫—Ç–∏–∫–∞), —á.2 
  
 11. –û–ø–µ—Ä–∞—Ç–æ—Ä—ã —á.1 (—Ç–µ–æ—Ä–∏—è) 
 12. –û–ø–µ—Ä–∞—Ç–æ—Ä—ã —á.2 (—Ç–µ–æ—Ä–∏—è) 
 13. –ú–∞—Å—Å–∏–≤—ã | –¶–∏–∫–ª—ã (–ø—Ä–∞–∫—Ç–∏–∫–∞) 
 14. –¶–∏–∫–ª—ã | while, do while | for (—Ç–µ–æ—Ä–∏—è) 
 15. –ú–∞—Å—Å–∏–≤—ã | for each (—Ç–µ–æ—Ä–∏—è) 
 16. –§—É–Ω–∫—Ü–∏–∏ | Debugger —á.1 (–ø—Ä–∞–∫—Ç–∏–∫–∞) 
 17. –§—É–Ω–∫—Ü–∏–∏ | Debugger —á.2 (–ø—Ä–∞–∫—Ç–∏–∫–∞) 
 18. –ê—Ä–≥—É–º–µ–Ω—Ç—ã –∫–æ–º–∞–Ω–¥–Ω–æ–π —Å—Ç—Ä–æ–∫–∏ (–ø—Ä–∞–∫—Ç–∏–∫–∞) 
 19. –°—Ç—Ä–æ–∫–∏ | String (—Ç–µ–æ—Ä–∏—è) 
 20. –ì–¥–µ –ø—Ä–∞–∫—Ç–∏–∫–æ–≤–∞—Ç—å—Å—è JAVA (–ø—Ä–∞–∫—Ç–∏–∫–∞) 
 #video   #java   
  
 
 #video@php2all  –±–æ–ª—å—à–µ –≤–∏–¥–µ–æ –≤ –Ω–∞—à–µ–º –∫–∞—Ç–∞–ª–æ–≥–µ https://vk.com/videos-3183750",pass
6,"Valencia #ttf #–ª–∞—Ç–∏–Ω–∏—Ü–∞ (Free font) 
 –ê–≤—Ç–æ—Ä - Wassim Awadallah",pass
130,,pass
8,"Too Many Cowboys #ttf #–ª–∞—Ç–∏–Ω–∏—Ü–∞ (Free font) 
 –ê–≤—Ç–æ—Ä - bristolillustrator",pass
164,–¢–∏–ø–∏—á–Ω—ã–µ –ø–æ–¥–ø–∏—Å—á–∏–∫–∏,pass
48,"–ö—Ä–∏–ø—Ç–æ–≥—Ä–∞—Ñ–∏—è. 
  
 1. –ú–∞—Ö–æ–≤–µ–Ω–∫–æ –ï. –ë. –¢–µ–æ—Ä–µ—Ç–∏–∫–æ-—á–∏—Å–ª–æ–≤—ã–µ –º–µ—Ç–æ–¥—ã –≤ –∫—Ä–∏–ø—Ç–æ–≥—Ä–∞—Ñ–∏–∏. 
 2. –†–æ—Å—Ç–æ–≤—Ü–µ–≤ –ê.–ì., –ú–∞—Ö–æ–≤–µ–Ω–∫–æ –ï.–ë. –¢–µ–æ—Ä–µ—Ç–∏—á–µ—Å–∫–∞—è –∫—Ä–∏–ø—Ç–æ–≥—Ä–∞—Ñ–∏—è. 
 3. –ú–∞–æ, –í–µ–Ω–±–æ. –°–æ–≤—Ä–µ–º–µ–Ω–Ω–∞—è –∫—Ä–∏–ø—Ç–æ–≥—Ä–∞—Ñ–∏—è: —Ç–µ–æ—Ä–∏—è –∏ –ø—Ä–∞–∫—Ç–∏–∫–∞. 
  4. –ö–æ—É—Ç–∏–Ω—Ö–æ –°. –í–≤–µ–¥–µ–Ω–∏–µ –≤ —Ç–µ–æ—Ä–∏—é —á–∏—Å–µ–ª 
 5. –•.–ö.–ê.–≤–∞–Ω –¢–∏–ª–±–æ—Ä–≥ –û—Å–Ω–æ–≤—ã –ö—Ä–∏–ø—Ç–æ–ª–æ–≥–∏–∏. –ü—Ä–æ—Ñ–µ—Å—Å–∏–æ–Ω–∞–ª—å–Ω–æ–µ —Ä—É–∫–æ–≤–æ–¥—Å—Ç–≤–æ –∏ –∏–Ω—Ç–µ—Ä–∞–∫—Ç–∏–≤–Ω—ã–π —É—á–µ–±–Ω–∏–∫. 
  6. –í.–û.–û—Å–∏–ø—è–Ω –ö—Ä–∏–ø—Ç–æ–≥—Ä–∞—Ñ–∏—è –≤ –∑–∞–¥–∞—á–∞—Ö –∏ —É–ø—Ä–∞–∂–Ω–µ–Ω–∏—è—Ö. 
 7. –ú. –í–µ–ª—å—à–µ–Ω–±–∞—Ö –ö—Ä–∏–ø—Ç–æ–≥—Ä–∞—Ñ–∏—è –Ω–∞ –°–∏ –∏ –°pp (C++) –≤ –¥–µ–π—Å—Ç–≤–∏–∏. 
  
 #book@php2all #crypto@php2all 
  
  –ö–Ω–∏–≥–∏ –≤ –∞–ª—å–±–æ–º–µ https://vk.com/php2all/book",pass
68,–î–ª—è —á–µ–≥–æ –Ω—É–∂–Ω—ã –∫–æ–º–º–µ–Ω—Ç–∞—Ä–∏–∏,pass
54,"–ó–∞–¥–∞—á–Ω–∏–∫–∏ –ø–æ –ø—Ä–æ–≥—Ä–∞–º–º–∏—Ä–æ–≤–∞–Ω–∏—é. 
  
 1. –°–∫–∏–µ–Ω–∞ –°., –†–µ–≤–∏–ª–ª–∞ –ú. - –û–ª–∏–º–ø–∏–∞–¥–Ω—ã–µ –∑–∞–¥–∞—á–∏ –ø–æ –ø—Ä–æ–≥—Ä–∞–º–º–∏—Ä–æ–≤–∞–Ω–∏—é 
 2. –ö–µ—Ä–Ω–∏–≥–∞–Ω –ë., –ü–∞–π–∫ –†. ¬´–ü—Ä–∞–∫—Ç–∏–∫–∞ –ø—Ä–æ–≥—Ä–∞–º–º–∏—Ä–æ–≤–∞–Ω–∏—è¬ª 
 3. –ú.–°.–î–æ–ª–∏–Ω—Å–∫–∏–π –†–µ—à–µ–Ω–∏–µ —Å–ª–æ–∂–Ω—ã—Ö –∏ –æ–ª–∏–º–ø–∏–∞–¥–Ω—ã—Ö –∑–∞–¥–∞—á –ø–æ –ø—Ä–æ–≥—Ä–∞–º–º–∏—Ä–æ–≤–∞–Ω–∏—é. 
 4. –ü—Ä–æ–≥—Ä–∞–º–º–∏—Ä–æ–≤–∞–Ω–∏–µ: —Ç–µ–æ—Ä–µ–º—ã –∏ –∑–∞–¥–∞—á–∏. –ê. –®–µ–Ω—å. 
 5. –ú–µ–Ω—å—à–∏–∫–æ–≤ –§. - –û–ª–∏–º–ø–∏–∞–¥–Ω—ã–µ –∑–∞–¥–∞—á–∏ –ø–æ –ø—Ä–æ–≥—Ä–∞–º–º–∏—Ä–æ–≤–∞–Ω–∏—é 
 #book@php2all #task@php2all 
  
  
  
  
  
  –ö–Ω–∏–≥–∏ –≤ –∞–ª—å–±–æ–º–µ https://vk.com/php2all/book",pass
51,"–°–µ—Ç–∏ Cisco —à–∞–≥ –∑–∞ —à–∞–≥–æ–º(Cisco Networks, Step by step) 
 –®–∞–≥ 1 –ü–æ–¥–∫–ª—é—á–µ–Ω–∏–µ –∫ –º–∞—Ä—à—Ä—É—Ç–∏–∑–∞—Ç–æ—Ä—É, –Ω–∞—Å—Ç—Ä–æ–π–∫–∞ IP –∞–¥—Ä–µ—Å–∞ 
 –®–∞–≥ 2 –ù–∞—Å—Ç—Ä–æ–π–∫–∞ –ø–∞—Ä–æ–ª—è –Ω–∞ –ø–æ—Ä—Ç–∞—Ö Console –∏ –¥–ª—è –¥–æ—Å—Ç—É–ø–∞ –ø–æ telnet 
 –®–∞–≥ 3 –û—Å–Ω–æ–≤—ã —Å—Ç–∞—Ç–∏—á–µ—Å–∫–æ–π –º–∞—Ä—à—Ä—É—Ç–∏–∑–∞—Ü–∏–∏ 
 –®–∞–≥ 4 –°—Ç–∞—Ç–∏—á–µ—Å–∫–∞—è –º–∞—Ä—à—Ä—É—Ç–∏–∑–∞—Ü–∏—è —á–µ—Ä–µ–∑ –ø—Ä–æ–º–µ–∂—É—Ç–æ—á–Ω—ã–π –º–∞—Ä—à—Ä—É—Ç–∏–∑–∞—Ç–æ—Ä 
 –®–∞–≥ 5 –ú–∞—Ä—à—Ä—É—Ç–∏–∑–∞—Ü–∏—è —Å –∏—Å–ø–æ–ª—å–∑–æ–≤–∞–Ω–∏–µ–º –º–∞—Ä—à—Ä—É—Ç–∞ –ø–æ —É–º–æ–ª—á–∞–Ω–∏—é 
 –®–∞–≥ 6 –î–∏–Ω–∞–º–∏—á–µ—Å–∫–∞—è –º–∞—Ä—à—Ä—É—Ç–∏–∑–∞—Ü–∏—è, –Ω–∞—Å—Ç—Ä–æ–π–∫–∞ –ø—Ä–æ—Ç–æ–∫–æ–ª–∞ RIP 
 –®–∞–≥ 7 –î–∏–Ω–∞–º–∏—á–µ—Å–∫–∞—è –º–∞—Ä—à—Ä—É—Ç–∏–∑–∞—Ü–∏—è, –Ω–∞—Å—Ç—Ä–æ–π–∫–∞ –ø—Ä–æ—Ç–æ–∫–æ–ª–∞ OSPF 
 –®–∞–≥ 8 –î–∏–Ω–∞–º–∏—á–µ—Å–∫–∞—è –º–∞—Ä—à—Ä—É—Ç–∏–∑–∞—Ü–∏—è, –Ω–∞—Å—Ç—Ä–æ–π–∫–∞ –ø—Ä–æ—Ç–æ–∫–æ–ª–∞ EIGRP 
 –®–∞–≥ 9 –î–∏–Ω–∞–º–∏—á–µ—Å–∫–∞—è –º–∞—Ä—à—Ä—É—Ç–∏–∑–∞—Ü–∏—è, –Ω–∞—Å—Ç—Ä–æ–π–∫–∞ –ø—Ä–æ—Ç–æ–∫–æ–ª–∞ BGP 
 –®–∞–≥ 10 –ù–∞—Å—Ç—Ä–æ–π–∫–∞ DNS —Å–µ—Ä–≤–µ—Ä–∞ –≤ –ø—Ä–æ–≥—Ä–∞–º–º–µ Cisco Packet Tracer 
 #Cisco@i_odmin 
  
 
 #video@php2all  –±–æ–ª—å—à–µ –≤–∏–¥–µ–æ –≤ –Ω–∞—à–µ–º –∫–∞—Ç–∞–ª–æ–≥–µ https://vk.com/videos-3183750",pass
65,"Stackoverflow : ""–ü–æ–∑–≤–æ–ª—å –º–Ω–µ —Ç–µ–±–µ –ø–æ–º–æ—á—å!""",pass
79,,pass
108,"–ö–∞–∫ —Å—Ç–∞—Ç—å —Å–∏—Å—Ç–µ–º–Ω—ã–º –∞–¥–º–∏–Ω–∏—Å—Ç—Ä–∞—Ç–æ—Ä–æ–º? 
  
 ‚úÖ–¢–æ–ø–æ–ª–æ–≥–∏–∏ —Å–µ—Ç–∏ 
 ‚úÖ–ü–æ—Å—Ç—Ä–æ–µ–Ω–∏–µ —Å–µ—Ç–∏ –Ω–∞ –æ—Å–Ω–æ–≤–µ –Ω–µ—ç–∫—Ä–∞–Ω–∏—Ä–æ–≤–∞–Ω–Ω–æ–π –≤–∏—Ç–æ–π –ø–∞—Ä—ã 
 ‚úÖ–£—Å—Ç—Ä–∞–Ω–µ–Ω–∏–µ –Ω–µ–∏—Å–ø—Ä–∞–≤–Ω–æ—Å—Ç–∏ –ø—Ä–∏ –æ–±—Ä—ã–≤–µ –∫–∞–±–µ–ª—è 
 ‚úÖ–ü–∞—Ä–∞–º–µ—Ç—Ä—ã TCPIP –ø—Ä–æ—Ç–æ–∫–æ–ª–∞ 
 ‚úÖ–ü–æ—Ä—Ç—ã 
 ‚úÖ–ü—Ä–æ–µ–∫—Ç–∏—Ä–æ–≤–∞–Ω–∏–µ –∏ –¥–æ–∫—É–º–µ–Ω—Ç–∏—Ä–æ–≤–∞–Ω–∏–µ 
 ‚úÖ–†–∞—Å—á–µ—Ç —ç–∫—Å–ø–ª—É–∞—Ç–∞—Ü–∏–æ–Ω–Ω—ã—Ö –∑–∞—Ç—Ä–∞—Ç 
 ‚úÖ–†–∞—Å—á–µ—Ç —ç–∫–æ–Ω–æ–º–∏—á–µ—Å–∫–æ–≥–æ —ç—Ñ—Ñ–µ–∫—Ç–∞ 
 ‚úÖ–†–∞—Å—á–µ—Ç –∑–∞—Ç—Ä–∞—Ç –Ω–∞ –ø—Ä–æ–µ–∫—Ç–∏—Ä–æ–≤–∞–Ω–∏–µ 
 ‚úÖ–î–ª—è —á–µ–≥–æ –Ω—É–∂–µ–Ω –ø–æ–ª–∏–≥–æ–Ω 
  
 
 #video@php2all  ( –≤–∏–¥–µ–æ–∫—É—Ä—Å—ã –≤ –∞–ª—å–±–æ–º–µ https://vk.com/videos-3183750 )",pass
34,"CSS. –ö–∞—Ä–º–∞–Ω–Ω—ã–π —Å–ø—Ä–∞–≤–æ—á–Ω–∏–∫ (2016) 
 –ê–≤—Ç–æ—Ä: –≠—Ä–∏–∫ –ê. –ú–µ–π–µ—Ä 
 –†–∞–±–æ—Ç–∞—è —Å –∫–∞—Å–∫–∞–¥–Ω—ã–º–∏ —Ç–∞–±–ª–∏—Ü–∞–º–∏ —Å—Ç–∏–ª–µ–π (CSS), —á–∏—Ç–∞—Ç–µ–ª—å –º–æ–∂–µ—Ç –±—ã—Å—Ç—Ä–æ –Ω–∞–π—Ç–∏ –Ω—É–∂–Ω—ã–π –æ—Ç–≤–µ—Ç –≤ —ç—Ç–æ–º —É–¥–æ–±–Ω–æ–º –∫—Ä–∞—Ç–∫–æ–º —Å–ø—Ä–∞–≤–æ—á–Ω–∏–∫–µ, –≤ –∫–æ—Ç–æ—Ä–æ–º –ø—Ä–µ–¥–æ—Å—Ç–∞–≤–ª—è—é—Ç—Å—è –≤—Å–µ –æ—Å–Ω–æ–≤–Ω—ã–µ —Å–≤–µ–¥–µ–Ω–∏—è, –Ω–µ–æ–±—Ö–æ–¥–∏–º—ã–µ –¥–ª—è –æ–ø–µ—Ä–∞—Ç–∏–≤–Ω–æ–π —Ä–µ–∞–ª–∏–∑–∞—Ü–∏–∏ CSS. –≠—Ç–æ—Ç –∫–∞—Ä–º–∞–Ω–Ω—ã–π —Å–ø—Ä–∞–≤–æ—á–Ω–∏–∫ –∏–¥–µ–∞–ª—å–Ω–æ –ø–æ–¥—Ö–æ–¥–∏—Ç –¥–ª—è –≤–µ–±-—Ä–∞–∑—Ä–∞–±–æ—Ç—á–∏–∫–æ–≤ –æ—Ç –ø—Ä–æ–º–µ–∂—É—Ç–æ—á–Ω–æ–≥–æ –¥–æ –ø—Ä–æ–¥–≤–∏–Ω—É—Ç–æ–≥–æ —É—Ä–æ–≤–Ω—è –∫–≤–∞–ª–∏—Ñ–∏–∫–∞—Ü–∏–∏, –∞ –µ–≥–æ —á–µ—Ç–≤–µ—Ä—Ç–æ–µ –∏–∑–¥–∞–Ω–∏–µ –¥–æ–ø–æ–ª–Ω–µ–Ω–æ —Å–æ–≥–ª–∞—Å–Ω–æ —Å–ø–µ—Ü–∏—Ñ–∏–∫–∞—Ü–∏–∏ CSS3. –ü–æ–º–∏–º–æ –ø–æ–ª–Ω–æ–≥–æ –ø–µ—Ä–µ—á–Ω—è –≤ –∞–ª—Ñ–∞–≤–∏—Ç–Ω–æ–º –ø–æ—Ä—è–¥–∫–µ —Å–µ–ª–µ–∫—Ç–æ—Ä–æ–≤ –∏ —Å–≤–æ–π—Å—Ç–≤ CSS3, –≤—ã –Ω–∞–π–¥–µ—Ç–µ –≤ —ç—Ç–æ–º –∏–∑–¥–∞–Ω–∏–∏ –∫—Ä–∞—Ç–∫–æ–µ –≤–≤–µ–¥–µ–Ω–∏–µ –≤ –æ—Å–Ω–æ–≤–Ω—ã–µ –ø–æ–Ω—è—Ç–∏—è CSS. –í –æ—Å–Ω–æ–≤—É —ç—Ç–æ–≥–æ —Å–ø—Ä–∞–≤–æ—á–Ω–∏–∫–∞ –ø–æ–ª–æ–∂–µ–Ω –º–∞—Ç–µ—Ä–∏–∞–ª –∫–Ω–∏–≥–∏ CSS. –ö–∞—Å–∫–∞–¥–Ω—ã–µ —Ç–∞–±–ª–∏—Ü—ã —Å—Ç–∏–ª–µ–π. –ü–æ–¥—Ä–æ–±–Ω–æ–µ —Ä—É–∫–æ–≤–æ–¥—Å—Ç–≤–æ —Ç–æ–≥–æ –∂–µ –∞–≤—Ç–æ—Ä–∞. –û–Ω —Å–ª—É–∂–∏—Ç —É–¥–æ–±–Ω–æ–π –ø–∞–º—è—Ç–∫–æ–π –ø–æ —Å–ø–µ—Ü–∏—Ñ–∏–∫–∞—Ü–∏—è–º CSS –ø—Ä–∏ —Ä–µ—à–µ–Ω–∏–∏ —Ç–µ–∫—É—â–∏—Ö –∑–∞–¥–∞—á –≤–µ–±-—Ä–∞–∑—Ä–∞–±–æ—Ç–∫–∏. ¬´CSS. –ö–∞—Ä–º–∞–Ω–Ω—ã–π —Å–ø—Ä–∞–≤–æ—á–Ω–∏–∫¬ª –ø–æ–º–æ–∂–µ—Ç –≤–∞–º: –ë—ã—Å—Ç—Ä–æ –Ω–∞–π—Ç–∏ –∏ –∞–¥–∞–ø—Ç–∏—Ä–æ–≤–∞—Ç—å –Ω—É–∂–Ω—ã–µ —ç–ª–µ–º–µ–Ω—Ç—ã —Å—Ç–∏–ª–µ–≤–æ–≥–æ –æ—Ñ–æ—Ä–º–ª–µ–Ω–∏—è –£–∑–Ω–∞—Ç—å, –∫–∞–∫–∏–º –æ–±—Ä–∞–∑–æ–º —Å—Ä–µ–¥—Å—Ç–≤–∞ CSS3 –¥–æ–ø–æ–ª–Ω—è—é—Ç –∏ —Ä–∞—Å—à–∏—Ä—è—é—Ç –≤–∞—à–∏ –ø—Ä–∞–∫—Ç–∏—á–µ—Å–∫–∏–µ –Ω–∞–≤—ã–∫–∏ –ø—Ä–∏–º–µ–Ω–µ–Ω–∏—è CSS –û–±–Ω–∞—Ä—É–∂–∏—Ç—å –Ω–æ–≤—ã–µ —Ç–∏–ø—ã –∑–Ω–∞—á–µ–Ω–∏–π –∏ –Ω–æ–≤—ã–µ CSS-—Å–µ–ª–µ–∫—Ç–æ—Ä—ã –†–µ–∞–ª–∏–∑–æ–≤–∞—Ç—å –ø–∞–¥–∞—é—â–∏–µ —Ç–µ–Ω–∏, –Ω–µ—Å–∫–æ–ª—å–∫–æ –∑–∞–¥–Ω–∏—Ö –ø–ª–∞–Ω–æ–≤, —Å–∫—Ä—É–≥–ª–µ–Ω–Ω—ã–µ —É–≥–ª—ã –∏ –∏–∑–æ–±—Ä–∞–∂–µ–Ω–∏—è –≥—Ä–∞–Ω–∏—Ü —ç–ª–µ–º–µ–Ω—Ç–æ–≤ —Ä–∞–∑–º–µ—Ç–∫–∏ –≤–µ–±-—Å—Ç—Ä–∞–Ω–∏—Ü –ü–æ–ª—É—á–∏—Ç—å –Ω–æ–≤—ã–µ —Å–≤–µ–¥–µ–Ω–∏—è –æ –ø—Ä–µ–æ–±—Ä–∞–∑–æ–≤–∞–Ω–∏—è—Ö –∏ –ø–µ—Ä–µ—Ö–æ–¥–∞—Ö. 
 #book@php2all #css@php2all 
  
  –ö–Ω–∏–≥–∏ –≤ –∞–ª—å–±–æ–º–µ https://vk.com/php2all/book",pass
167,,pass
42,"–°–æ–∑–¥–∞–µ–º –ù–µ–π—Ä–æ—Å–µ—Ç—å –Ω–∞ C++ 
 #cpp   
  
 
 #video@php2all  –±–æ–ª—å—à–µ –≤–∏–¥–µ–æ –≤ –Ω–∞—à–µ–º –∫–∞—Ç–∞–ª–æ–≥–µ https://vk.com/videos-3183750",pass
70,,pass
36,"–°–∫—Ä–∞–ø–∏–Ω–≥ –≤–µ–±-—Å–∞–π—Ç–æ–≤ —Å –ø–æ–º–æ—â—å—é Python 
 –ê–≤—Ç–æ—Ä: –†–∞–π–∞–Ω –ú–∏—Ç—á–µ–ª–ª 
 –ò–∑—É—á–∏—Ç–µ –º–µ—Ç–æ–¥—ã —Å–∫—Ä–∞–ø–∏–Ω–≥–∞ –∏ –∫—Ä–∞—É–ª–∏–Ω–≥–∞ –≤–µ–±-—Å–∞–π—Ç–æ–≤, —á—Ç–æ–±—ã –ø–æ–ª—É—á–∏—Ç—å –¥–æ—Å—Ç—É–ø –∫ –Ω–µ–æ–≥—Ä–∞–Ω–∏—á–µ–Ω–Ω–æ–º—É –æ–±—ä–µ–º—É –¥–∞–Ω–Ω—ã—Ö –≤ –ª—é–±–æ–º —É–≥–æ–ª–∫–µ –ò–Ω—Ç–µ—Ä–Ω–µ—Ç–∞ –≤ –ª—é–±–æ–º —Ñ–æ—Ä–º–∞—Ç–µ. –° –ø–æ–º–æ—â—å—é —ç—Ç–æ–≥–æ –ø—Ä–∞–∫—Ç–∏—á–µ—Å–∫–æ–≥–æ —Ä—É–∫–æ–≤–æ–¥—Å—Ç–≤–∞ –≤—ã —É–∑–Ω–∞–µ—Ç–µ, –∫–∞–∫ –∏—Å–ø–æ–ª—å–∑–æ–≤–∞—Ç—å —Å–∫—Ä–∏–ø—Ç—ã Python –∏ –≤–µ–±-API, —á—Ç–æ–±—ã –æ–¥–Ω–æ–≤—Ä–µ–º–µ–Ω–Ω–æ —Å–æ–±—Ä–∞—Ç—å –∏ –æ–±—Ä–∞–±–æ—Ç–∞—Ç—å –¥–∞–Ω–Ω—ã–µ —Å —Ç—ã—Å—è—á –∏–ª–∏ –¥–∞–∂–µ –º–∏–ª–ª–∏–æ–Ω–æ–≤ –≤–µ–±-—Å—Ç—Ä–∞–Ω–∏—Ü. 
 –ò–¥–µ–∞–ª—å–Ω–æ –ø–æ–¥—Ö–æ–¥—è—â–∞—è –¥–ª—è –ø—Ä–æ–≥—Ä–∞–º–º–∏—Å—Ç–æ–≤, —Å–ø–µ—Ü–∏–∞–ª–∏—Å—Ç–æ–≤ –ø–æ –±–µ–∑–æ–ø–∞—Å–Ω–æ—Å—Ç–∏ –∏ –≤–µ–±-–∞–¥–º–∏–Ω–∏—Å—Ç—Ä–∞—Ç–æ—Ä–æ–≤, –∑–Ω–∞–∫–æ–º—ã—Ö —Å —è–∑—ã–∫–æ–º Python, –∫–Ω–∏–≥–∞ –∑–Ω–∞–∫–æ–º–∏—Ç –Ω–µ —Ç–æ–ª—å–∫–æ —Å –æ—Å–Ω–æ–≤–Ω—ã–º–∏ –ø—Ä–∏–Ω—Ü–∏–ø–∞–º–∏ —Ä–∞–±–æ—Ç—ã –≤–µ–±-—Å–∫—Ä–∞–ø–µ—Ä–æ–≤, –Ω–æ –∏ —É–≥–ª—É–±–ª—è–µ—Ç—Å—è –≤ –±–æ–ª–µ–µ —Å–ª–æ–∂–Ω—ã–µ —Ç–µ–º—ã, —Ç–∞–∫–∏–µ, –∫–∞–∫ –∞–Ω–∞–ª–∏–∑ —Å—ã—Ä—ã—Ö –¥–∞–Ω–Ω—ã—Ö –∏–ª–∏ –∏—Å–ø–æ–ª—å–∑–æ–≤–∞–Ω–∏–µ —Å–∫—Ä–∞–ø–µ—Ä–æ–≤ –¥–ª—è —Ç–µ—Å—Ç–∏—Ä–æ–≤–∞–Ω–∏—è –∏–Ω—Ç–µ—Ä—Ñ–µ–π—Å–∞ –≤–µ–±-—Å–∞–π—Ç–∞. –ü—Ä–∏–º–µ—Ä—ã –ø—Ä–æ–≥—Ä–∞–º–º–Ω–æ–≥–æ –∫–æ–¥–∞, –ø—Ä–∏–≤–µ–¥–µ–Ω–Ω—ã–µ –≤ –∫–Ω–∏–≥–µ, –ø–æ–º–æ–≥—É—Ç —Ä–∞–∑–æ–±—Ä–∞—Ç—å—Å—è –≤ —ç—Ç–∏—Ö –ø—Ä–∏–Ω—Ü–∏–ø–∞—Ö –Ω–∞ –ø—Ä–∞–∫—Ç–∏–∫–µ. 
 –ü—Ä–æ—á–∏—Ç–∞–≤ —ç—Ç—É –∫–Ω–∏–≥—É, –≤—ã –Ω–∞—É—á–∏—Ç–µ—Å—å: 
 
 ‚óè –≤—ã–ø–æ–ª–Ω—è—Ç—å –ø–∞—Ä—Å–∏–Ω–≥ —Å–ª–æ–∂–Ω—ã—Ö HTML —Å—Ç—Ä–∞–Ω–∏—Ü; 
 ‚óè —Å–∫–∞–Ω–∏—Ä–æ–≤–∞—Ç—å –≤–µ–±-—Å—Ç—Ä–∞–Ω–∏—Ü—ã –∏ —Å–∞–π—Ç—ã; 
 ‚óè —Ä–∞–±–æ—Ç–∞—Ç—å —Å API; 
 ‚óè –ø—Ä–∏–º–µ–Ω—è—Ç—å –Ω–µ—Å–∫–æ–ª—å–∫–æ –º–µ—Ç–æ–¥–æ–≤ —Ö—Ä–∞–Ω–µ–Ω–∏—è —Å–æ–±—Ä–∞–Ω–Ω—ã—Ö –¥–∞–Ω–Ω—ã—Ö; 
 ‚óè —Å–∫–∞—á–∏–≤–∞—Ç—å, –æ–±—Ä–∞–±–∞—Ç—ã–≤–∞—Ç—å –∏ –∏–∑–≤–ª–µ–∫–∞—Ç—å –¥–∞–Ω–Ω—ã–µ –∏–∑ –¥–æ–∫—É–º–µ–Ω—Ç–æ–≤; 
 ‚óè –∏—Å–ø–æ–ª—å–∑–æ–≤–∞—Ç—å –∏–Ω—Å—Ç—Ä—É–º–µ–Ω—Ç—ã –∏ –º–µ—Ç–æ–¥—ã –¥–ª—è –æ—á–∏—Å—Ç–∫–∏ –ø–ª–æ—Ö–æ –æ—Ç—Ñ–æ—Ä–º–∞—Ç–∏—Ä–æ–≤–∞–Ω–Ω—ã—Ö –¥–∞–Ω–Ω—ã—Ö; 
 ‚óè —á–∏—Ç–∞—Ç—å –∏ –∑–∞–ø–∏—Å—ã–≤–∞—Ç—å –µ—Å—Ç–µ—Å—Ç–≤–µ–Ω–Ω—ã–µ —è–∑—ã–∫–∏; 
 ‚óè –≤—ã–ø–æ–ª–Ω—è—Ç—å –∫—Ä–∞—É–ª–∏–Ω–≥ —Å –∏—Å–ø–æ–ª—å–∑–æ–≤–∞–Ω–∏–µ–º —Ä–µ–≥–∏—Å—Ç—Ä–∞—Ü–∏–æ–Ω–Ω—ã—Ö —Ñ–æ—Ä–º; 
 ‚óè –≤—ã–ø–æ–ª–Ω—è—Ç—å —Å–∫—Ä–∞–ø–∏–Ω–≥ Javascript-–∫–æ–¥–∞; 
 ‚óè –æ–±—Ä–∞–±–∞—Ç—ã–≤–∞—Ç—å –∏–∑–æ–±—Ä–∞–∂–µ–Ω–∏—è –∏ —Ä–∞—Å–ø–æ–∑–Ω–∞–≤–∞—Ç—å —Ç–µ–∫—Å—Ç. 
 
 –ò–Ω—Å—Ç—Ä—É–º–µ–Ω—Ç—ã –∏ –ø—Ä–∏–º–µ—Ä—ã, –ø—Ä–∏–≤–µ–¥–µ–Ω–Ω—ã–µ –≤ —ç—Ç–æ–π –∫–Ω–∏–≥–µ, –ø–æ–∑–≤–æ–ª—è—é—Ç –ª–µ–≥–∫–æ –∞–≤—Ç–æ–º–∞—Ç–∏–∑–∏—Ä–æ–≤–∞—Ç—å –Ω–µ—Å–∫–æ–ª—å–∫–æ –ø–æ–≤—Ç–æ—Ä—è—é—â–∏—Ö—Å—è –∑–∞–¥–∞—á, –≤—ã—Å–≤–æ–±–æ–∂–¥–∞—è –≤—Ä–µ–º—è –¥–ª—è —Ä–µ—à–µ–Ω–∏—è –±–æ–ª–µ–µ –Ω–∞—Å—É—â–Ω—ã—Ö –ø—Ä–æ–±–ª–µ–º. –≠—Ç–æ –ª–µ–≥–∫–æ —á–∏—Ç–∞–µ–º–∞—è, –æ—Ä–∏–µ–Ω—Ç–∏—Ä–æ–≤–∞–Ω–Ω–∞—è –Ω–∞ –∫–æ–Ω–∫—Ä–µ—Ç–Ω—ã–π —Ä–µ–∑—É–ª—å—Ç–∞—Ç –∫–Ω–∏–≥–∞, —Ä–∞—Å—Å–∫–∞–∑—ã–≤–∞—é—â–∞—è –æ —Ä–µ–∞–ª—å–Ω—ã—Ö –ø—Ä–æ–±–ª–µ–º–∞—Ö –∏ —Ä–µ—à–µ–Ω–∏—è—Ö. 
 #book@php2all #python@php2all 
 
 (–ë–æ–ª—å—à–µ –∫–Ω–∏–≥ —Ç—É—Ç https://vk.com/php2all/book )",pass
46,"Web-—Ç–µ—Ö–Ω–æ–ª–æ–≥–∏–∏ 
 #web #javascript 
 1. –í–≤–µ–¥–µ–Ω–∏–µ. –ü—Ä–æ—Ç–æ–∫–æ–ª HTTP 
 2. –ü—Ä–æ—Ç–æ–∫–æ–ª HTTP 
 3. Web-—Å–µ—Ä–≤–µ—Ä—ã. nginx 
 4. Web-—Ç–µ—Ö–Ω–æ–ª–æ–≥–∏–∏. Apache HTTP-—Å–µ—Ä–≤–µ—Ä 
 5. –û—Å–Ω–æ–≤—ã JS –ß.1 
 6. –û—Å–Ω–æ–≤—ã JS –ß.2 
 7. –û—Å–Ω–æ–≤—ã JS –ß.3 
 8. –û—Å–Ω–æ–≤—ã JS –ß.4 
 –ï—â–µ –±–æ–ª—å—à–µ —É—Ä–æ–∫–æ–≤ –∏–∑ —ç—Ç–æ–π —Å–µ—Ä–∏–∏ —Å–º–æ—Ç—Ä–∏—Ç–µ –∑–¥–µ—Å—å ? https://www.youtube.com/playlist?list=PLwwk4BHih4fj5cjuEozS3Uf4s8e3ZVb9_ 
 
 
 #video@php2all ( –≤–∏–¥–µ–æ–∫—É—Ä—Å—ã –≤ –∞–ª—å–±–æ–º–µ https://vk.com/videos-3183750 )",pass
45,"–û—Å–Ω–æ–≤—ã —Ç–µ–æ—Ä–∏–∏ –≥—Ä–∞—Ñ–æ–≤ 
  –û –∫—É—Ä—Å–µ 
 01 - –û—Å–Ω–æ–≤—ã —Ç–µ–æ—Ä–∏–∏ –≥—Ä–∞—Ñ–æ–≤. –û—Å–Ω–æ–≤–Ω—ã–µ –ø–æ–Ω—è—Ç–∏—è –∏ –æ–ø—Ä–µ–¥–µ–ª–µ–Ω–∏—è 
 02 - –û—Å–Ω–æ–≤—ã —Ç–µ–æ—Ä–∏–∏ –≥—Ä–∞—Ñ–æ–≤. –ú–∞—Ä—à—Ä—É—Ç—ã, –ø—É—Ç–∏, —Ü–∏–∫–ª—ã. –ü–æ–Ω—è—Ç–∏–µ —Å–≤—è–∑–Ω–æ—Å—Ç–∏. –î–≤—É–¥–æ–ª—å–Ω—ã–µ –≥—Ä–∞—Ñ—ã. 
 03 - –û—Å–Ω–æ–≤—ã —Ç–µ–æ—Ä–∏–∏ –≥—Ä–∞—Ñ–æ–≤. –ü–æ–¥–≥—Ä–∞—Ñ—ã. –û—Å–Ω–æ–≤–Ω—ã–µ –æ–ø–µ—Ä–∞—Ü–∏–∏ –Ω–∞–¥ –≥—Ä–∞—Ñ–∞–º–∏ 
 04 - –û—Å–Ω–æ–≤—ã —Ç–µ–æ—Ä–∏–∏ –≥—Ä–∞—Ñ–æ–≤. –ò–∑–æ–º–æ—Ä—Ñ–∏–∑–º –∏ –∞–≤—Ç–æ–º–æ—Ä—Ñ–∏–∑–º –≥—Ä–∞—Ñ–æ–≤ 
 05 - –û—Å–Ω–æ–≤—ã —Ç–µ–æ—Ä–∏–∏ –≥—Ä–∞—Ñ–æ–≤. –î–µ—Ä–µ–≤—å—è 
 06 - –û—Å–Ω–æ–≤—ã —Ç–µ–æ—Ä–∏–∏ –≥—Ä–∞—Ñ–æ–≤. –≠–π–ª–µ—Ä–æ–≤—ã –≥—Ä–∞—Ñ—ã 
 07 - –û—Å–Ω–æ–≤—ã —Ç–µ–æ—Ä–∏–∏ –≥—Ä–∞—Ñ–æ–≤. –ü–∞—Ä–æ—Å–æ—á–µ—Ç–∞–Ω–∏—è. –¢–µ–æ—Ä–µ–º–∞ –•–æ–ª–ª–∞ 
 08 - –û—Å–Ω–æ–≤—ã —Ç–µ–æ—Ä–∏–∏ –≥—Ä–∞—Ñ–æ–≤. –ì–∞–º–∏–ª—å—Ç–æ–Ω–æ–≤—ã —Ü–∏–∫–ª—ã 
 09 - –û—Å–Ω–æ–≤—ã —Ç–µ–æ—Ä–∏–∏ –≥—Ä–∞—Ñ–æ–≤. –ì—Ä–∞—Ñ—ã –î–µ –ë—Ä–µ–π–Ω–∞ 
 10 - –û—Å–Ω–æ–≤—ã —Ç–µ–æ—Ä–∏–∏ –≥—Ä–∞—Ñ–æ–≤. –í–µ—Ä—à–∏–Ω–Ω–∞—è –∏ —Ä–µ–±–µ—Ä–Ω–∞—è —Å–≤—è–∑–Ω–æ—Å—Ç—å 
  
 
 #video@php2all  –±–æ–ª—å—à–µ –≤–∏–¥–µ–æ –≤ –Ω–∞—à–µ–º –∫–∞—Ç–∞–ª–æ–≥–µ https://vk.com/videos-3183750",pass
9,"–£—á–∏—Ç–µ—Å—å –ø—Ä–µ–¥–æ—Ç–≤—Ä–∞—â–∞—Ç—å –∫–∏–±–µ—Ä—É–≥—Ä–æ–∑—ã –Ω–∞ –ø—Ä–∞–∫—Ç–∏–∫–µüî•

–ü–æ–ª—É—á–∏—Ç–µ –ø—Ä–∞–∫—Ç–∏—á–µ—Å–∫–∏–µ –Ω–∞–≤—ã–∫–∏ –∞–Ω–∞–ª–∏–∑–∞ —É—è–∑–≤–∏–º–æ—Å—Ç–µ–π –∏ –∑–∞—â–∏—Ç—ã –æ—Ç –∫–∏–±–µ—Ä–∞—Ç–∞–∫ –∑–∞ 4 –¥–Ω—è –ø–æ–≥—Ä—É–∂–µ–Ω–∏—è –≤ —ç—Ç–∏—á–Ω—ã–π —Ö–∞–∫–∏–Ω–≥.

–ù–∞ –∏–Ω—Ç–µ–Ω—Å–∏–≤–µ –≤—ã –Ω–∞—É—á–∏—Ç–µ—Å—å:
‚Äî –£—Å—Ç–∞–Ω–∞–≤–ª–∏–≤–∞—Ç—å –∏ –Ω–∞—Å—Ç—Ä–∞–∏–≤–∞—Ç—å —Å–µ—Ç—å –Ω–∞ Linux-—Å–∏—Å—Ç–µ–º–∞—Ö
‚Äî –ù–∞—Å—Ç—Ä–∞–∏–≤–∞—Ç—å —Å–µ—Ç—å –∏ –ø–æ–Ω–∏–º–∞—Ç—å –æ—Å–æ–±–µ–Ω–Ω–æ—Å—Ç–∏ –µ–µ —Ä–∞–±–æ—Ç—ã
‚Äî –ü–æ–Ω–∏–º–∞—Ç—å –≤–∑–∞–∏–º–æ–¥–µ–π—Å—Ç–≤–∏–µ –º–µ–∂–¥—É –≤–∏—Ä—Ç—É–∞–ª—å–Ω–æ–π –∏ —Ñ–∏–∑–∏—á–µ—Å–∫–æ–π –º–∞—à–∏–Ω–æ–π
‚Äî –û—Å—É—â–µ—Å—Ç–≤–ª—è—Ç—å —Ä—è–¥ —Å–µ—Ç–µ–≤—ã—Ö –∞—Ç–∞–∫ –∏ –≤—ã—Å—Ç—Ä–∞–∏–≤–∞—Ç—å –∑–∞—â–∏—Ç—É –æ—Ç –Ω–∏—Ö
‚Äî –ê–Ω–∞–ª–∏–∑–∏—Ä–æ–≤–∞—Ç—å –±–µ–∑–æ–ø–∞—Å–Ω–æ—Å—Ç—å –û–°

–ò–Ω—Ç–µ–Ω—Å–∏–≤ –≤–µ–¥–µ—Ç: –ò–ª—å–¥–∞—Ä –°–∞–¥—ã–∫–æ–≤, –¥–µ–π—Å—Ç–≤—É—é—â–∏–π —Ä—É–∫–æ–≤–æ–¥–∏—Ç–µ–ª—å –æ—Ç–¥–µ–ª–∞ –ò–ë –§–µ–¥–µ—Ä–∞–ª—å–Ω–æ–≥–æ –±—é—Ä–æ –ú–°–≠ –ú–∏–Ω–∏—Å—Ç–µ—Ä—Å—Ç–≤–æ —Ç—Ä—É–¥–∞ –∏ —Å–æ—Ü–∏–∞–ª—å–Ω–æ–π –∑–∞—â–∏—Ç—ã –†–§. –£–ø—Ä–∞–≤–ª—è–µ—Ç 2 000 —Å–∏—Å—Ç–µ–º–∞–º–∏ –≤ 85 —Ä–µ–≥–∏–æ–Ω–∞—Ö –†–§.

–ß–∏—Ç–∞–π—Ç–µ –ø–æ–¥—Ä–æ–±–Ω–æ—Å—Ç–∏ –∏ –æ—Å—Ç–∞–≤–ª—è–π—Ç–µ –∑–∞—è–≤–∫—É –Ω–∞ —Å–∞–π—Ç–µ: https://vk.cc/avAEhA",pass
66,,pass
6,"Monk #otf #ttf #–ª–∞—Ç–∏–Ω–∏—Ü–∞ (Free font) 
 –ê–≤—Ç–æ—Ä - Jeremy Ross",pass
80,"8 –ª—É—á—à–∏—Ö –∫–Ω–∏–≥ –∏–∑ —Å–µ—Ä–∏–∏ ¬´Head First O'Reilly¬ª 
 1. [Head First] –ò–∑—É—á–∞–µ–º C 3-–µ –∏–∑–¥. 
 2. [Head First] –ü–∞—Ç—Ç–µ—Ä–Ω—ã –ø—Ä–æ–µ–∫—Ç–∏—Ä–æ–≤–∞–Ω–∏—è 
 3. [Head First] –ü—Ä–æ–≥—Ä–∞–º–º–∏—Ä—É–µ–º –¥–ª—è iPhone –∏ iPad. 3-–µ –∏–∑–¥. 
 4. [Head First] –ò–∑—É—á–∞–µ–º HTML, XHTML –∏ CSS 2-–µ –∏–∑–¥. 
 5. [Head First] –†–∞–∑—Ä–∞–±–æ—Ç–∫–∞ –≤–µ–±-—Å–∞–π—Ç–æ–≤ –¥–ª—è –º–æ–±–∏–ª—å–Ω—ã—Ö —É—Å—Ç—Ä–æ–π—Å—Ç–≤. 
 6. [Head First] –û–±—ä–µ–∫—Ç–Ω–æ-–æ—Ä–∏–µ–Ω—Ç–∏—Ä–æ–≤–∞–Ω–Ω—ã–π –∞–Ω–∞–ª–∏–∑ –∏ –ø—Ä–æ–µ–∫—Ç–∏—Ä–æ–≤–∞–Ω–∏–µ. 
 7. [Head First] –ò–∑—É—á–∞–µ–º —Ä–∞–±–æ—Ç—É —Å jQuery. 
 8. [Head First] –ò–∑—É—á–∞–µ–º Java 
 #book@php2all 
  
  (–ª–∏—Ç–µ—Ä–∞—Ç—É—Ä–∞ –ø–æ –ø—Ä–æ–≥—Ä–∞–º–º–∏—Ä–æ–≤–∞–Ω–∏—é https://vk.com/php2all/book )",pass
33,"–ü—Ä–æ–≥—Ä–∞–º–º–∏—Å—Ç –≤ –°–®–ê –æ —Ä–æ—Å—Å–∏–π—Å–∫–∏—Ö –¥–∏–ø–ª–æ–º–∞—Ö. –ö–∞–∫ –ø—Ä–æ–π—Ç–∏ —Å–æ–±–µ—Å–µ–¥–æ–≤–∞–Ω–∏–µ –≤ YouTube 
 –ü–†–û–ì–†–ê–ú–ú–ò–°–¢ –ò–ó GOOGLE: —Å–æ–±–µ—Å–µ–¥–æ–≤–∞–Ω–∏—è, –ø—Ä–æ–º–æ—É—à–Ω, —Ç–∏–ø–∏—á–Ω—ã–π —Ä–∞–±–æ—á–∏–π –¥–µ–Ω—å, –∫—Ä–∏–ø—Ç–æ–≤–∞–ª—é—Ç—ã 
  
 
 #video@php2all  ( –∏–Ω—Ç–µ—Ä–µ—Å–Ω—ã–µ –≤–∏–¥–µ–æ–∫—É—Ä—Å—ã https://vk.com/videos-3183750 )",pass
14,"Epicave Bold #otf #ttf #–ª–∞—Ç–∏–Ω–∏—Ü–∞ (Free for personal use) 
 –ê–≤—Ç–æ—Ä - –û–ª—å–≥–∞ –î–∞–≤—ã–¥–æ–≤–∞",pass
235,,pass
10,"Excentra Pro Light #otf #ttf #–∫–∏—Ä–∏–ª–ª–∏—Ü–∞ #–ª–∞—Ç–∏–Ω–∏—Ü–∞ (Free font) 
 Set of 2 fonts. 
 –ê–≤—Ç–æ—Ä - Andriy Konstantynov 
 ________________ 
 #sans@php2all",pass
38,,pass
41,"Java.–ü—Ä–æ–º—ã—à–ª–µ–Ω–Ω–æ–µ –ø—Ä–æ–≥—Ä–∞–º–º–∏—Ä–æ–≤–∞–Ω–∏–µ 
  
 –ü–æ—Å–æ–±–∏–µ –ø—Ä–µ–¥–Ω–∞–∑–Ω–∞—á–µ–Ω–æ –¥–ª—è –ø—Ä–æ–≥—Ä–∞–º–º–∏—Å—Ç–æ–≤, –Ω–∞—á–∏–Ω–∞—é—â–∏—Ö –∏ –ø—Ä–æ–¥–æ–ª–∂–∞—é—â–∏—Ö –∏–∑—É—á–µ–Ω–∏–µ —Ç–µ—Ö–Ω–æ–ª–æ–≥–∏–π Java SE 6 –∏ J2EE. –í –µ–≥–æ –ø–µ—Ä–≤–æ–π —á–∞—Å—Ç–∏ —Ä–∞—Å—Å–º–∞—Ç—Ä–∏–≤–∞—é—Ç—Å—è –æ—Å–Ω–æ–≤—ã —è–∑—ã–∫–∞ Java –∏ –∫–æ–Ω—Ü–µ–ø—Ü–∏–∏ –æ–±—ä–µ–∫—Ç–Ω–æ-–æ—Ä–∏–µ–Ω—Ç–∏—Ä–æ–≤–∞–Ω–Ω–æ–≥–æ –ø—Ä–æ–≥—Ä–∞–º–º–∏—Ä–æ–≤–∞–Ω–∏—è. –í–æ –≤—Ç–æ—Ä–æ–π —á–∞—Å—Ç–∏ –∏–∑–ª–æ–∂–µ–Ω—ã –≤–∞–∂–Ω–µ–π—à–∏–µ –∞—Å–ø–µ–∫—Ç—ã –ø—Ä–∏–º–µ–Ω–µ–Ω–∏—è –±–∏–±–ª–∏–æ—Ç–µ–∫ –∫–ª–∞—Å—Å–æ–≤ —è–∑—ã–∫–∞ Java, –≤–∫–ª—é—á–∞—è —Ñ–∞–π–ª—ã, –∫–æ–ª–ª–µ–∫—Ü–∏–∏, —Å–µ—Ç–µ–≤—ã–µ –∏ –º–Ω–æ–≥–æ–ø–æ—Ç–æ—á–Ω—ã–µ –ø—Ä–∏–ª–æ–∂–µ–Ω–∏—è, –∞ —Ç–∞–∫–∂–µ –≤–∑–∞–∏–º–æ–¥–µ–π—Å—Ç–≤–∏–µ —Å –•–úL. –í —Ç—Ä–µ—Ç—å–µ–π —á–∞—Å—Ç–∏ –ø—Ä–∏–≤–µ–¥–µ–Ω—ã –æ—Å–Ω–æ–≤—ã –ø—Ä–æ–≥—Ä–∞–º–º–∏—Ä–æ–≤–∞–Ω–∏—è —Ä–∞—Å–ø—Ä–µ–¥–µ–ª–µ–Ω–Ω—ã—Ö –∏–Ω—Ñ–æ—Ä–º–∞—Ü–∏–æ–Ω–Ω—ã—Ö —Å–∏—Å—Ç–µ–º —Å –ø—Ä–∏–º–µ–Ω–µ–Ω–∏–µ–º —Å–µ—Ä–≤–ª–µ—Ç–æ–≤, JSP, –±–∞–∑ –¥–∞–Ω–Ω—ã—Ö –∏ —Å–æ–±—Å—Ç–≤–µ–Ω–Ω—ã—Ö —Ç–µ–≥–æ–≤ —Ä–∞–∑—Ä–∞–±–æ—Ç—á–∏–∫–∞. –í –∫–æ–Ω—Ü–µ –∫–∞–∂–¥–æ–π –≥–ª–∞–≤—ã –¥–∞—é—Ç—Å—è —Ç–µ—Å—Ç–æ–≤—ã–µ –≤–æ–ø—Ä–æ—Å—ã –ø–æ –º–∞—Ç–µ—Ä–∏–∞–ª—É –≥–ª–∞–≤—ã –∏ –∑–∞–¥–∞–Ω–∏—è –¥–ª—è –≤—ã–ø–æ–ª–Ω–µ–Ω–∏—è. –í –ø—Ä–∏–ª–æ–∂–µ–Ω–∏—è—Ö –ø—Ä–∏–≤–µ–¥–µ–Ω—ã –¥–æ–ø–æ–ª–Ω–∏—Ç–µ–ª—å–Ω—ã–µ –º–∞—Ç–µ—Ä–∏–∞–ª—ã, –æ—Ç–Ω–æ—Å—è—â–∏–µ—Å—è –∫ –∏—Å–ø–æ–ª—å–∑–æ–≤–∞–Ω–∏—é HTML, XML, JavaScript, –∞ —Ç–∞–∫–∂–µ –∫—Ä–∞—Ç–∫–æ–µ –æ–ø–∏—Å–∞–Ω–∏–µ –ø–æ–ø—É–ª—è—Ä–Ω—ã—Ö —Ç–µ—Ö–Ω–æ–ª–æ–≥–∏–π Struts –∏ Hibernate –¥–ª—è —Ä–∞–∑—Ä–∞–±–æ—Ç–∫–∏ —Ä–∞—Å–ø—Ä–µ–¥–µ–ª–µ–Ω–Ω—ã—Ö —Å–∏—Å—Ç–µ–º, –æ–±—ä–µ–¥–∏–Ω—è—é—â–∏—Ö –≤–æ–∑–º–æ–∂–Ω–æ—Å—Ç–∏ J2EE –∏ XML. 
 #book@php2all #java@php2all 
  
  –ö–Ω–∏–≥–∏ –≤ –∞–ª—å–±–æ–º–µ https://vk.com/php2all/book",pass
54,"–ê–Ω–≥–ª–∏–π—Å–∫–∏–π —è–∑—ã–∫ 
 –ú–µ—Ç–æ–¥ —á—Ç–µ–Ω–∏—è –ò–ª—å–∏ –§—Ä–∞–Ω–∫–∞ 
 –ú–µ—Ç–æ–¥ —á—Ç–µ–Ω–∏—è –ò–ª—å–∏ –§—Ä–∞–Ω–∫–∞ ‚Äî –º–µ—Ç–æ–¥, –æ–±–ª–µ–≥—á–∞—é—â–∏–π —á—Ç–µ–Ω–∏–µ –∫–Ω–∏–≥ –Ω–∞ –∏–Ω–æ—Å—Ç—Ä–∞–Ω–Ω–æ–º —è–∑—ã–∫–µ –∑–∞ —Å—á–µ—Ç —Ç–æ–≥–æ, —á—Ç–æ —Ç–µ–∫—Å—Ç –≤ –¥–∞–Ω–Ω—ã—Ö –∫–Ω–∏–≥–∞—Ö —Ä–∞–∑–±–∏—Ç –Ω–∞ –∞–±–∑–∞—Ü—ã, —Å–Ω–∞—á–∞–ª–∞ –∏–¥–µ—Ç –∞–¥–∞–ø—Ç–∏—Ä–æ–≤–∞–Ω–Ω—ã–π –æ—Ç—Ä—ã–≤–æ–∫ (–Ω–∞ –∏–Ω–æ—Å—Ç—Ä–∞–Ω–Ω–æ–º —Å –ø–æ–¥—Ä–æ–±–Ω—ã–º–∏ –ø–æ—è—Å–Ω–µ–Ω–∏—è–º–∏ —Å–º—ã—Å–ª–∞ –æ—Ç—Ä—ã–≤–∫–∞ –∏ —Ä–∞–∑–±–æ—Ä–æ–º –Ω–æ–≤—ã—Ö —Å–ª–æ–≤), –∑–∞—Ç–µ–º –∏–¥–µ—Ç —Ç–æ—Ç –∂–µ —Ç–µ–∫—Å—Ç, –Ω–æ —É–∂–µ —á–∏—Å—Ç–æ –Ω–∞ –∞–Ω–≥–ª–∏–π—Å–∫–æ–º. 
 –¢–∞–∫–∏–º –æ–±—Ä–∞–∑–æ–º, —á–∏—Ç–∞—Ç–µ–ª—å —Å–Ω–∞—á–∞–ª–∞ –ø—Ä–æ—á–∏—Ç—ã–≤–∞–µ—Ç –ø—Ä–µ–¥–ª–æ–∂–µ–Ω–∏–µ –Ω–∞ –∏–Ω–æ—Å—Ç—Ä–∞–Ω–Ω–æ–º —è–∑—ã–∫–µ, –≤–Ω–∏–∫–∞–µ—Ç –≤ —Å—É—Ç—å –Ω–∞–ø–∏—Å–∞–Ω–Ω–æ–≥–æ, —Ä–∞–∑–±–∏—Ä–∞—è –Ω–µ–∑–Ω–∞–∫–æ–º—ã–µ —É—á–∞—Å—Ç–∫–∏, –∞ –∑–∞—Ç–µ–º –∑–∞–∫—Ä–µ–ø–ª—è–µ—Ç –º–∞—Ç–µ—Ä–∏–∞–ª –ø—Ä–æ—á—Ç–µ–Ω–∏–µ–º –æ—Ç—Ä—ã–≤–∫–∞ –ø–æ–ª–Ω–æ—Å—Ç—å—é –Ω–∞ –∞–Ω–≥–ª–∏–π—Å–∫–æ–º (–∏–ª–∏ –ª—é–±–æ–º –¥—Ä—É–≥–æ–º —è–∑—ã–∫–µ). 
 –î–ª—è –≤—Å–µ—Ö, –∫—Ç–æ —Ö–æ—á–µ—Ç –ø–æ–≤—ã—Å–∏—Ç—å —Å–≤–æ–π —É—Ä–æ–≤–µ–Ω—å –≤–ª–∞–¥–µ–Ω–∏—è —è–∑—ã–∫–æ–º, –º—ã —Å–¥–µ–ª–∞–ª–∏ –Ω–µ–±–æ–ª—å—à—É—é –ø–æ–¥–±–æ—Ä–∫—É –æ–±—É—á–∞—é—â–∏—Ö –º–∞—Ç–µ—Ä–∏–∞–ª–æ–≤ 
 #book@php2all #english@php2all 
  
  (–ë–æ–ª—å—à–µ –∫–Ω–∏–≥ —Ç—É—Ç https://vk.com/php2all/book )",pass
39,"–£—Ä–æ–∫–∏ –ø–æ Qt 
 Qt - —Ñ—Ä–µ–π–º–≤–æ—Ä–∫ –¥–ª—è —Ä–∞–∑—Ä–∞–±–æ—Ç–∫–∏ –ø—Ä–æ–≥—Ä–∞–º–º–Ω–æ–≥–æ –æ–±–µ—Å–ø–µ—á–µ–Ω–∏—è –Ω–∞ —è–∑—ã–∫–µ –ø—Ä–æ–≥—Ä–∞–º–º–∏—Ä–æ–≤–∞–Ω–∏—è C++ 
 1. C++ Notepad App 
 2. C++ Calculator 
 3. Qt Charts 
 4. Qt Paint App 
 5. Finish Paint App 
 #video   #cpp   #frontend   
  
 
 #video@php2all  ( –∏–Ω—Ç–µ—Ä–µ—Å–Ω—ã–µ –≤–∏–¥–µ–æ–∫—É—Ä—Å—ã https://vk.com/videos-3183750 )",pass
47,–ö–æ–≥–¥–∞ –Ω–∞—á–∞–ª—å–Ω–∏–∫ —Å–º–æ—Ç—Ä–∏—Ç –≤ —Ç–≤–æ–π –º–æ–Ω–∏—Ç–æ—Ä,pass
143,,pass
50,"–õ–∞–π—Ñ—Ö–∞–∫–∏ –∏ —Ñ–∏—à–∫–∏ –≤ –§–æ—Ç–æ—à–æ–ø 
 
 ‚úÖ –¢–æ–ø 9 —Å–º–µ—Ä—Ç–µ–ª—å–Ω—ã—Ö –æ—à–∏–±–æ–∫ —Ñ–æ—Ç–æ—à–æ–ø–µ—Ä–∞. –¢–æ–ø 9 —Ñ–µ–π–ª–æ–≤ –≤ —Ñ–æ—Ç–æ—à–æ–ø–µ. 
 ‚úÖ 5 –ª–∞–π—Ñ—Ö–∞–∫–æ–≤ Photoshop –æ—Ç –§–æ—Ç–æ—à–æ–ø –∫–≤–æ. –§–∏—à–∫–∏ —Ñ–æ—Ç–æ—à–æ–ø–∞. 
 ‚úÖ5 –°–ø–æ—Å–æ–±–æ–≤ –≤—ã—Ä–µ–∑–∞—Ç—å –í–°–ï –≤ —Ñ–æ—Ç–æ—à–æ–ø–µ! –ö–∞–∫ –≤ —Ñ–æ—Ç–æ—à–æ–ø–µ –≤—ã—Ä–µ–∑–∞—Ç—å –≤–æ–ª–æ—Å—ã. 
 ‚úÖ5 –∫—Ä—É—Ç—ã—Ö –ª–∞–π—Ñ—Ö–∞–∫–∞ —Ñ–æ—Ç–æ—à–æ–ø–∞ –æ—Ç –§–æ—Ç–æ—à–æ–ø –∫–≤–æ. –§–∏—à–∫–∏ –≤ Adobe Photoshop. 
 ‚úÖ7 –õ–∞–π—Ñ—Ö–∞–∫–æ–≤ —Ñ–æ—Ç–æ—à–æ–ø–∞ –æ—Ç –§–æ—Ç–æ—à–æ–ø –∫–≤–æ. 
 ‚úÖ–ö–∞–∫ –≤—ã—Ä–µ–∑–∞—Ç—å –≤–æ–ª–æ—Å—ã —Å –õ–Æ–ë–û–ì–û —Ñ–æ–Ω–∞ –≤ Photoshop . –ö–∞–∫ –≤—ã—Ä–µ–∑–∞—Ç—å –æ–±—ä–µ–∫—Ç –≤ —Ñ–æ—Ç–æ—à–æ–ø–µ 
 ‚úÖ5 –ª–∞–π—Ñ—Ö–∞–∫–æ–≤ –≤ Photoshop. –ö–∞–∂–¥—ã–π —Ñ–æ—Ç–æ—à–æ–ø–µ—Ä –¥–æ–ª–∂–µ–Ω –∑–Ω–∞—Ç—å —ç—Ç–æ 
 #video #design 
 
 
 #video@php2all ( –≤–∏–¥–µ–æ–∫—É—Ä—Å—ã –≤ –∞–ª—å–±–æ–º–µ https://vk.com/videos-3183750 )",pass
50,"–ö–Ω–∏–≥–∏ –ø–æ HTML5 –∏ CSS3 
 1. –ù–∏–¥–µ—Ä—Å—Ç –†–æ–±–±–∏–Ω—Å - HTML5 CSS3 –∏ JavaScript –∏—Å—á–µ—Ä–ø—ã–≤–∞—é—â–µ–µ —Ä—É–∫–æ–≤–æ–¥—Å—Ç–≤–æ 
 2. –ú—ç—Ç—å—é –ú–∞–∫-–î–æ–Ω–∞–ª—å–¥ - HTML5 –ù–µ–¥–æ—Å—Ç–∞—é—â–µ–µ —Ä—É–∫–æ–≤–æ–¥—Å—Ç–≤–æ 
 3. –î—ç–≤–∏–¥ –ú–∞–∫—Ñ–∞—Ä–ª–∞–Ω–¥ - –ë–æ–ª—å—à–∞—è –∫–Ω–∏–≥–∞ CSS3 
 4. –î–∂–∏–ª–ª–µ–Ω—É–æ—Ç–µ—Ä - –°–∏–ª–∞ CSS3. –û—Å–≤–æ–π –Ω–æ–≤–µ–π—à–∏–π —Å—Ç–∞–Ω–¥–∞—Ä—Ç –≤–µ–±-—Ä–∞–∑—Ä–∞–±–æ—Ç–æ–∫ 
 5. –ë.–õ–æ—É—Å–æ–Ω, –†.–®–∞—Ä–ø - –ò–∑—É—á–∞–µ–º HTML 5 
 6. –•–æ–≥–∞–Ω –ë. - HTML5 –∏ CSS3. –í–µ–±-—Ä–∞–∑—Ä–∞–±–æ—Ç–∫–∞ –ø–æ —Å—Ç–∞–Ω–¥–∞—Ä—Ç–∞–º –Ω–æ–≤–æ–≥–æ –ø–æ–∫–æ–ª–µ–Ω–∏—è 
 7. –î—Ä–æ–Ω–æ–≤ –í. - HTML.5.CSS.3.–∏.Web 2.0.–†–∞–∑—Ä–∞–±–æ—Ç–∫–∞.—Å–æ–≤—Ä–µ–º–µ–Ω–Ω—ã—Ö.Web-—Å–∞–π—Ç–æ–≤ 
 8. –ë–µ–Ω –§—Ä–µ–π–Ω - HTML5 –∏ CSS3 –†–∞–∑—Ä–∞–±–æ—Ç–∫–∞ —Å–∞–π—Ç–æ–≤ –¥–ª—è –ª—é–±—ã—Ö –±—Ä–∞—É–∑–µ—Ä–æ–≤ –∏ —É—Å—Ç—Ä–æ–π—Å—Ç–≤ 
 #book@php2all #html@php2all #css@php2all 
  
  –ö–Ω–∏–≥–∏ –≤ –∞–ª—å–±–æ–º–µ https://vk.com/php2all/book",pass
33,,pass
65,"–°–æ–∑–¥–∞–Ω–∏–µ —Å–∞–π—Ç–∞ –Ω–∞ WordPress 
 ‚úÖ–ö–∞–∫ —Å–æ–∑–¥–∞—Ç—å —Å–∞–π—Ç –Ω–∞ WordPress —Å –Ω—É–ª—è (2018) 
 ‚úÖC–æ–∑–¥–∞–Ω–∏–µ —Å–∞–π—Ç–∞ –Ω–∞ WordPress (–ü–û–õ–ù–ê–Ø –ü–æ—à–∞–≥–æ–≤–∞—è –í–∏–¥–µ–æ–∏–Ω—Å—Ç—Ä—É–∫—Ü–∏—è) 
 ‚úÖ–ö–∞–∫ —Å–æ–∑–¥–∞—Ç—å —Å–∞–π—Ç –í–°–ï –£–†–û–ö–ò (2018) 
 ‚úÖWordPress - –°–æ–∑–¥–∞–Ω–∏–µ —Å–∞–π—Ç–∞ –° –ù–£–õ–Ø 
 ‚úÖ–°–ê–ô–¢ –ù–ê WORDPRESS –ë–ï–°–ü–õ–ê–¢–ù–û –ó–ê 2 –ß–ê–°–ê! 
 ‚úÖ–°–ê–ú–û–ï –ë–´–°–¢–†–û–ï –°–û–ó–î–ê–ù–ò–ï –°–ê–ô–¢–ê –ù–ê WORDPRESS 
 #video   #wp   
  
 
 #video@php2all  –±–æ–ª—å—à–µ –≤–∏–¥–µ–æ –≤ –Ω–∞—à–µ–º –∫–∞—Ç–∞–ª–æ–≥–µ https://vk.com/videos-3183750",pass
90,"–ö–æ–≥–¥–∞ –∞–Ω—Ç–∏–≤–∏—Ä—É—Å —Å—Ä–∞–±–∞—Ç—ã–≤–∞–µ—Ç, –∫–æ–≥–¥–∞ —ç—Ç–æ –Ω—É–∂–Ω–æ",pass
28,"Deep Learning with Python (2017)

–ì–ª—É–±–æ–∫–æ–µ –æ–±—É—á–µ–Ω–∏–µ ‚Äî Deep learning ‚Äî —ç—Ç–æ –Ω–∞–±–æ—Ä –∞–ª–≥–æ—Ä–∏—Ç–º–æ–≤ –º–∞—à–∏–Ω–Ω–æ–≥–æ –æ–±—É—á–µ–Ω–∏—è, –∫–æ—Ç–æ—Ä—ã–µ –º–æ–¥–µ–ª–∏—Ä—É—é—Ç –≤—ã—Å–æ–∫–æ—É—Ä–æ–≤–Ω–µ–≤—ã–µ –∞–±—Å—Ç—Ä–∞–∫—Ü–∏–∏ –≤ –¥–∞–Ω–Ω—ã—Ö, –∏—Å–ø–æ–ª—å–∑—É—è –∞—Ä—Ö–∏—Ç–µ–∫—Ç—É—Ä—ã, —Å–æ—Å—Ç–æ—è—â–∏–µ –∏–∑ –º–Ω–æ–∂–µ—Å—Ç–≤–∞ –Ω–µ–ª–∏–Ω–µ–π–Ω—ã—Ö –ø—Ä–µ–æ–±—Ä–∞–∑–æ–≤–∞–Ω–∏–π. 
 
–°–æ–≥–ª–∞—Å–∏—Ç–µ—Å—å, —ç—Ç–∞ —Ñ—Ä–∞–∑–∞ –∑–≤—É—á–∏—Ç —É–≥—Ä–æ–∂–∞—é—â–µ. –ù–æ –≤—Å—ë –Ω–µ —Ç–∞–∫ —Å—Ç—Ä–∞—à–Ω–æ, –µ—Å–ª–∏ –æ –≥–ª—É–±–æ–∫–æ–º –æ–±—É—á–µ–Ω–∏–∏ —Ä–∞—Å—Å–∫–∞–∑—ã–≤–∞–µ—Ç –§—Ä–∞–Ω—Å—É–∞ –®–æ–ª–ª–µ, –∫–æ—Ç–æ—Ä—ã–π —Å–æ–∑–¥–∞–ª Keras ‚Äî —Å–∞–º—É—é –º–æ—â–Ω—É—é –±–∏–±–ª–∏–æ—Ç–µ–∫—É –¥–ª—è —Ä–∞–±–æ—Ç—ã —Å –Ω–µ–π—Ä–æ–Ω–Ω—ã–º–∏ —Å–µ—Ç—è–º–∏. 
 
–ü–æ–∑–Ω–∞–∫–æ–º—å—Ç–µ—Å—å —Å –≥–ª—É–±–æ–∫–∏–º –æ–±—É—á–µ–Ω–∏–µ–º –Ω–∞ –ø—Ä–∞–∫—Ç–∏—á–µ—Å–∫–∏—Ö –ø—Ä–∏–º–µ—Ä–∞—Ö –∏–∑ —Å–∞–º—ã—Ö —Ä–∞–∑–Ω–æ–æ–±—Ä–∞–∑–Ω—ã—Ö –æ–±–ª–∞—Å—Ç–µ–π. –ö–Ω–∏–≥–∞ –¥–µ–ª–∏—Ç—Å—è –Ω–∞ –¥–≤–µ —á–∞—Å—Ç–∏: –≤ –ø–µ—Ä–≤–æ–π –¥–∞–Ω—ã —Ç–µ–æ—Ä–µ—Ç–∏—á–µ—Å–∫–∏–µ –æ—Å–Ω–æ–≤—ã, –≤—Ç–æ—Ä–∞—è –ø–æ—Å–≤—è—â–µ–Ω–∞ —Ä–µ—à–µ–Ω–∏—é –∫–æ–Ω–∫—Ä–µ—Ç–Ω—ã—Ö –∑–∞–¥–∞—á. 
 
–≠—Ç–æ –ø–æ–∑–≤–æ–ª–∏—Ç –≤–∞–º –Ω–µ —Ç–æ–ª—å–∫–æ —Ä–∞–∑–æ–±—Ä–∞—Ç—å—Å—è –≤ –æ—Å–Ω–æ–≤–∞—Ö DL, –Ω–æ –∏ –Ω–∞—É—á–∏—Ç—å—Å—è –∏—Å–ø–æ–ª—å–∑–æ–≤–∞—Ç—å –Ω–æ–≤—ã–µ –≤–æ–∑–º–æ–∂–Ω–æ—Å—Ç–∏ –Ω–∞ –ø—Ä–∞–∫—Ç–∏–∫–µ. 
 
–û–±—É—á–µ–Ω–∏–µ ‚Äî —ç—Ç–æ –ø—É—Ç–µ—à–µ—Å—Ç–≤–∏–µ –¥–ª–∏–Ω–æ–π –≤ –∂–∏–∑–Ω—å, –æ—Å–æ–±–µ–Ω–Ω–æ –≤ –æ–±–ª–∞—Å—Ç–∏ –∏—Å–∫—É—Å—Å—Ç–≤–µ–Ω–Ω–æ–≥–æ –∏–Ω—Ç–µ–ª–ª–µ–∫—Ç–∞, –≥–¥–µ –Ω–µ–∏–∑–≤–µ—Å—Ç–Ω–æ—Å—Ç–µ–π –≥–æ—Ä–∞–∑–¥–æ –±–æ–ª—å—à–µ, —á–µ–º –æ–ø—Ä–µ–¥–µ–ª–µ–Ω–Ω–æ—Å—Ç–∏.
 
 #book@php2all 

 
 –ö–Ω–∏–≥–∏ –≤ –∞–ª—å–±–æ–º–µ https://vk.com/php2all/book",pass
55,"Linux –∞–¥–º–∏–Ω–∏—Å—Ç—Ä–∏—Ä–æ–≤–∞–Ω–∏–µ 

 #video #sysad #linux 
 #video@php2all –±–æ–ª—å—à–µ –≤–∏–¥–µ–æ –≤ –Ω–∞—à–µ–º –∫–∞—Ç–∞–ª–æ–≥–µ https://vk.com/videos-3183750",pass
31,"üî¥ –ú–æ–∂–Ω–æ –ª–∏ –≤–æ–π—Ç–∏ –≤ IT –ø–æ—Å–ª–µ 30-—Ç–∏? –Ø –ø–æ—Å—Ç–∞—Ä–∞—é—Å—å –¥–∞—Ç—å –æ—Ç–≤–µ—Ç –∫–∞–∫ —Å—Ç–∞—Ç—å –ø—Ä–æ–≥—Ä–∞–º–º–∏—Å—Ç–æ–º –ø–æ—Å–ª–µ 30, —Ö–æ—Ä–æ—à–µ–Ω—å–∫–æ –º–æ—Ç–∏–≤–∏—Ä—É—é, –∞ —Ç–∞–∫–∂–µ –¥–∞–º –ø–∞—Ä—É —Å–æ–≤–µ—Ç–æ–≤ –∫–∞–∫ –ø–æ–¥–∞—Ç—å —Å–µ–±—è –Ω–∞ —Å–æ–±–µ—Å–µ–¥–æ–≤–∞–Ω–∏–∏ –≤ IT –∫–æ–º–ø–∞–Ω–∏—é. –ò –ø–æ–º–æ–≥—É—Ç –º–Ω–µ –≤ —ç—Ç–æ–º —Ä–µ–∞–ª—å–Ω—ã–µ –∏—Å—Ç–æ—Ä–∏–∏ –¥—Ä—É–≥–∏—Ö —Ä–µ–±—è—Ç. –ö–∞–∫ –∏–º —É–¥–∞–ª–æ—Å—å –ø—Ä–µ–≤—Ä–∞—Ç–∏—Ç—å—Å—è –∏–∑ –≤–µ–¥—É—â–µ–≥–æ —Å–≤–∞–¥–µ–± –≤ –≤–µ—Ä—Å—Ç–∞–ª—å—â–∏–∫–∞, –∞ –∏–∑ –º–∞–Ω–∏–∫—é—Ä—â–∏—Ü—ã –≤ –≤–µ–±-—Ä–∞–∑—Ä–∞–±–æ—Ç—á–∏–∫–∏? –í—Å–µ –æ—Ç–≤–µ—Ç—ã –≤ —ç—Ç–æ–º –≤–∏–¥–æ—Å–µ! –ù—É —á—Ç–æ, ""—Å—Ç–∞—Ä–∏—á–∫–∏"", –ø–æ–≥–Ω–∞–ª–∏!",pass
78,"–í—Å—Ç—É–ø–ª–µ–Ω–∏–µ –≤ –∫–Ω–∏–≥–µ ""React –±—ã—Å—Ç—Ä–æ""",pass
8,"Rebli Script #ttf #–ª–∞—Ç–∏–Ω–∏—Ü–∞ (Free for personal use) 
 –ê–≤—Ç–æ—Ä - BC NT",pass
57,"–ù–µ—Å–∫–æ–ª—å–∫–æ –∫–Ω–∏–≥ –ø–æ —Ä–∞–∑–≤–∏—Ç–∏—é –ª–æ–≥–∏–∫–∏ 
 #book@php2all #logic@php2all 
 
 (–ë–æ–ª—å—à–µ –∫–Ω–∏–≥ —Ç—É—Ç https://vk.com/php2all/book )",pass
83,"–ú–µ–∂—Å–µ—Ç–µ–≤–æ–µ –≤–∑–∞–∏–º–æ–¥–µ–π—Å—Ç–≤–∏–µ –≤ —Å–µ—Ç—è—Ö –Ω–∞ –±–∞–∑–µ TCP-IP 
 01 Postanovka zadachi 
 02 Data Link layer 
 03 Network layer 
 04 Transport AND Session layers 
 05 Name system 
 06 IPv6 
 07 VPN 
 08 SNMP 
 09 Nastroika Netgear 
 #video   #sysad   
 
 #video@php2all  ( –∏–Ω—Ç–µ—Ä–µ—Å–Ω—ã–µ –≤–∏–¥–µ–æ–∫—É—Ä—Å—ã https://vk.com/videos-3183750 )",pass
68,–ö–∞–∫ —Ä–∞–±–æ—Ç–∞–µ—Ç –ø–∞—Ä—Å–µ—Ä,pass
253,,pass
4,"Florence Script #ttf #–ª–∞—Ç–∏–Ω–∏—Ü–∞ (Free font) 
 –ê–≤—Ç–æ—Ä - Wassim Awadallah",pass
81,,pass
62,"–û–±—ä–µ–∫—Ç–Ω–æ-–æ—Ä–∏–µ–Ω—Ç–∏—Ä–æ–≤–∞–Ω–Ω–æ–µ –º—ã—à–ª–µ–Ω–∏–µ (2014) 
 –ê–≤—Ç–æ—Ä: –ú—ç—Ç—Ç –í–∞–π—Å—Ñ–µ–ª—å–¥ 
 –û–±—ä–µ–∫—Ç–Ω–æ-–æ—Ä–∏–µ–Ω—Ç–∏—Ä–æ–≤–∞–Ω–Ω–æ–µ –ø—Ä–æ–≥—Ä–∞–º–º–∏—Ä–æ–≤–∞–Ω–∏–µ ‚Äî —ç—Ç–æ —Ñ—É–Ω–¥–∞–º–µ–Ω—Ç —Å–æ–≤—Ä–µ–º–µ–Ω–Ω—ã—Ö —è–∑—ã–∫–æ–≤ –ø—Ä–æ–≥—Ä–∞–º–º–∏—Ä–æ–≤–∞–Ω–∏—è, –≤–∫–ª—é—á–∞—è C++, Java, C#, Visual Basic, .NET, Ruby –∏ Objective-C. –ö—Ä–æ–º–µ —Ç–æ–≥–æ, –æ–±—ä–µ–∫—Ç—ã –ª–µ–∂–∞—Ç –≤ –æ—Å–Ω–æ–≤–µ –º–Ω–æ–≥–∏—Ö –≤–µ–±-—Ç–µ—Ö–Ω–æ–ª–æ–≥–∏–π, –Ω–∞–ø—Ä–∏–º–µ—Ä JavaScript, Python –∏ PHP. 
 –û–±—ä–µ–∫—Ç–Ω–æ-–æ—Ä–∏–µ–Ω—Ç–∏—Ä–æ–≤–∞–Ω–Ω–æ–µ –ø—Ä–æ–≥—Ä–∞–º–º–∏—Ä–æ–≤–∞–Ω–∏–µ –æ–±–µ—Å–ø–µ—á–∏–≤–∞–µ—Ç –ø—Ä–∞–≤–∏–ª—å–Ω—ã–µ –º–µ—Ç–æ–¥–∏–∫–∏ –ø—Ä–æ–µ–∫—Ç–∏—Ä–æ–≤–∞–Ω–∏—è, –ø–µ—Ä–µ–Ω–æ—Å–∏–º–æ—Å—Ç—å –∫–æ–¥–∞ –∏ –µ–≥–æ –ø–æ–≤—Ç–æ—Ä–Ω–æ–µ –∏—Å–ø–æ–ª—å–∑–æ–≤–∞–Ω–∏–µ, –æ–¥–Ω–∞–∫–æ –¥–ª—è —Ç–æ–≥–æ, —á—Ç–æ–±—ã –≤—Å–µ —ç—Ç–æ –ø–æ–ª–Ω–æ—Å—Ç—å—é –ø–æ–Ω—è—Ç—å, –Ω–µ–æ–±—Ö–æ–¥–∏–º–æ –∏–∑–º–µ–Ω–∏—Ç—å —Å–≤–æ–µ –º—ã—à–ª–µ–Ω–∏–µ. –†–∞–∑—Ä–∞–±–æ—Ç—á–∏–∫–∏, —è–≤–ª—è—é—â–∏–µ—Å—è –Ω–æ–≤–∏—á–∫–∞–º–∏ –≤ —Å—Ñ–µ—Ä–µ –æ–±—ä–µ–∫—Ç–Ω–æ-–æ—Ä–∏–µ–Ω—Ç–∏—Ä–æ–≤–∞–Ω–Ω–æ–≥–æ –ø—Ä–æ–≥—Ä–∞–º–º–∏—Ä–æ–≤–∞–Ω–∏—è, –Ω–µ –¥–æ–ª–∂–Ω—ã –ø–æ–¥–¥–∞–≤–∞—Ç—å—Å—è –∏—Å–∫—É—à–µ–Ω–∏—é –ø–µ—Ä–µ–π—Ç–∏ –Ω–µ–ø–æ—Å—Ä–µ–¥—Å—Ç–≤–µ–Ω–Ω–æ –∫ –∫–æ–Ω–∫—Ä–µ—Ç–Ω–æ–º—É —è–∑—ã–∫—É –ø—Ä–æ–≥—Ä–∞–º–º–∏—Ä–æ–≤–∞–Ω–∏—è (–Ω–∞–ø—Ä–∏–º–µ—Ä, Objective-C, VB .NET, C++, C#, .NET –∏–ª–∏ Java) –∏–ª–∏ –º–æ–¥–µ–ª–∏—Ä–æ–≤–∞–Ω–∏—è (–Ω–∞–ø—Ä–∏–º–µ—Ä, UML), –∞ –≤–º–µ—Å—Ç–æ —ç—Ç–æ–≥–æ —Å–Ω–∞—á–∞–ª–∞ —É–¥–µ–ª–∏—Ç—å –≤—Ä–µ–º—è –æ—Å–≤–æ–µ–Ω–∏—é —Ç–æ–≥–æ, —á—Ç–æ –∞–≤—Ç–æ—Ä –∫–Ω–∏–≥–∏ –ú—ç—Ç—Ç –í–∞–π—Å—Ñ–µ–ª—å–¥ –Ω–∞–∑—ã–≤–∞–µ—Ç –æ–±—ä–µ–∫—Ç–Ω–æ-–æ—Ä–∏–µ–Ω—Ç–∏—Ä–æ–≤–∞–Ω–Ω—ã–º –º—ã—à–ª–µ–Ω–∏–µ–º. 
 –ù–µ—Å–º–æ—Ç—Ä—è –Ω–∞ —Ç–æ, —á—Ç–æ —Ç–µ—Ö–Ω–æ–ª–æ–≥–∏–∏ –ø—Ä–æ–≥—Ä–∞–º–º–∏—Ä–æ–≤–∞–Ω–∏—è –∏–∑–º–µ–Ω—è—é—Ç—Å—è –∏ —ç–≤–æ–ª—é—Ü–∏–æ–Ω–∏—Ä—É—é—Ç —Å –≥–æ–¥–∞–º–∏, –æ–±—ä–µ–∫—Ç–Ω–æ-–æ—Ä–∏–µ–Ω—Ç–∏—Ä–æ–≤–∞–Ω–Ω—ã–µ –∫–æ–Ω—Ü–µ–ø—Ü–∏–∏ –æ—Å—Ç–∞—é—Ç—Å—è –ø—Ä–µ–∂–Ω–∏–º–∏ ‚Äî –ø—Ä–∏ —ç—Ç–æ–º –Ω–µ–≤–∞–∂–Ω–æ, –∫–∞–∫–æ–π –∏–º–µ–Ω–Ω–æ —è–≤–ª—è–µ—Ç—Å—è –ø–ª–∞—Ç—Ñ–æ—Ä–º–∞. 
  
 #book@php2all #oop@php2all 
  
  –ö–Ω–∏–≥–∏ –≤ –∞–ª—å–±–æ–º–µ https://vk.com/php2all/book",pass
113,–¢–∞–π–Ω–∞ —Ä–∞—Å–∫—Ä—ã—Ç–∞,pass
69,"Git –¥–ª—è –ø—Ä–æ—Ñ–µ—Å—Å–∏–æ–Ω–∞–ª—å–Ω–æ–≥–æ –ø—Ä–æ–≥—Ä–∞–º–º–∏—Å—Ç–∞ 

 
 –≠—Ç–∞ –∫–Ω–∏–≥–∞ –ø—Ä–µ–¥—Å—Ç–∞–≤–ª—è–µ—Ç —Å–æ–±–æ–∏ÃÜ –æ–±–Ω–æ–≤–ª–µ–Ω–Ω–æ–µ —Ä—É–∫–æ–≤–æ–¥—Å—Ç–≤–æ –ø–æ –∏—Å–ø–æ–ª—å–∑–æ–≤–∞–Ω–∏—é Git –≤ —Å–æ–≤—Ä–µ–º–µ–Ω–Ω—ã—Ö —É—Å–ª–æ–≤–∏—è—Ö. –° —Ç–µ—Ö –ø–æ—Ä –∫–∞–∫ –ø—Ä–æ–µ–∫—Ç Git ‚Äî —Ä–∞—Å–ø—Ä–µ–¥–µ–ª–µ–Ω–Ω–∞—è —Å–∏—Å—Ç–µ–º–∞ —É–ø—Ä–∞–≤–ª–µ–Ω–∏—è –≤–µ—Ä—Å–∏—è–º–∏ ‚Äî –±—ã–ª —Å–æ–∑–¥–∞–Ω –õ–∏–Ω—É—Å–æ–º –¢–æ—Ä–≤–∞–ª—å–¥—Å–æ–º, –ø—Ä–æ—à–ª–æ –º–Ω–æ–≥–æ –ª–µ—Ç, –∏ —Å–∏—Å—Ç–µ–º–∞ Git –ø—Ä–µ–≤—Ä–∞—Ç–∏–ª–∞—Å—å –≤ –¥–æ–º–∏–Ω–∏—Ä—É—é—â—É—é —Å–∏—Å—Ç–µ–º—É –∫–æ–Ω—Ç—Ä–æ–ª—è –≤–µ—Ä—Å–∏–∏ÃÜ, –∫–∞–∫ –¥–ª—è –∫–æ–º–º–µ—Ä—á–µ—Å–∫–∏—Ö —Ü–µ–ª–µ–∏ÃÜ, —Ç–∞–∫ –∏ –¥–ª—è –ø—Ä–æ–µ–∫—Ç–æ–≤ —Å –æ—Ç–∫—Ä—ã—Ç—ã–º –∏—Å—Ö–æ–¥–Ω—ã–º –∫–æ–¥–æ–º. –≠—Ñ—Ñ–µ–∫—Ç–∏–≤–Ω—ã–∏ÃÜ –∏ —Ö–æ—Ä–æ—à–æ —Ä–µ–∞–ª–∏–∑–æ–≤–∞–Ω–Ω—ã–∏ÃÜ –∫–æ–Ω—Ç—Ä–æ–ª—å –≤–µ—Ä—Å–∏–∏ÃÜ –Ω–µ–æ–±—Ö–æ–¥–∏–º –¥–ª—è –ª—é–±–æ–≥–æ —É—Å–ø–µ—à–Ω–æ–≥–æ –≤–µ–±-–ø—Ä–æ–µ–∫—Ç–∞. –ü–æ—Å—Ç–µ–ø–µ–Ω–Ω–æ —ç—Ç—É —Å–∏—Å—Ç–µ–º—É –ø—Ä–∏–Ω—è–ª–∏ –Ω–∞ –≤–æ–æ—Ä—É–∂–µ–Ω–∏–µ –ø—Ä–∞–∫—Ç–∏—á–µ—Å–∫–∏ –≤—Å–µ —Å–æ–æ–±—â–µ—Å—Ç–≤–∞ —Ä–∞–∑—Ä–∞–±–æ—Ç—á–∏–∫–æ–≤ –ü–û —Å –æ—Ç–∫—Ä—ã—Ç—ã–º –∏—Å—Ö–æ–¥–Ω—ã–º –∫–æ–¥–æ–º. –ü–æ—è–≤–ª–µ–Ω–∏–µ –æ–≥—Ä–æ–º–Ω–æ–≥–æ —á–∏—Å–ª–∞ –≥—Ä–∞—Ñ–∏—á–µ—Å–∫–∏—Ö –∏–Ω—Ç–µ—Ä—Ñ–µ–∏ÃÜ—Å–æ–≤ –¥–ª—è –≤—Å–µ—Ö –ø–ª–∞—Ç—Ñ–æ—Ä–º –∏ –ø–æ–¥–¥–µ—Ä–∂–∫–∞ IDE –ø–æ–∑–≤–æ–ª–∏–ª–∏ –≤–Ω–µ–¥—Ä–∏—Ç—å Git –≤ –æ–ø–µ—Ä–∞—Ü–∏–æ–Ω–Ω—ã–µ —Å–∏—Å—Ç–µ–º—ã —Å–µ–º–µ–∏ÃÜ—Å—Ç–≤–∞ Windows. –í—Ç–æ—Ä–æ–µ –∏–∑–¥–∞–Ω–∏–µ –∫–Ω–∏–≥–∏ –±—ã–ª–æ –æ–±–Ω–æ–≤–ª–µ–Ω–æ –¥–ª—è Git-–≤–µ—Ä—Å–∏–∏ 2.0 –∏ —É–¥–µ–ª—è–µ—Ç –±–æ–ª—å—à–æ–µ –≤–Ω–∏–º–∞–Ω–∏–µ GitHub. 
 
 #book@php2all #git@php2all 
 
 (–ë–æ–ª—å—à–µ –∫–Ω–∏–≥ —Ç—É—Ç https://vk.com/php2all/book )",pass
79,"–°–æ–∑–¥–∞–Ω–∏–µ –º–µ—Å—Å–µ–Ω–¥–∂–µ—Ä–∞ –¥–ª—è Android –Ω–∞ Java 
  
 –°–µ—Ä–∏—è —É—Ä–æ–∫–æ–≤ –ø–æ —Å–æ–∑–¥–∞–Ω–∏—é —Å–æ–±—Å—Ç–≤–µ–Ω–Ω–æ–≥–æ –º–µ—Å—Å–µ–Ω–¥–∂–µ—Ä–∞ –¥–ª—è Android –Ω–∞ —è–∑—ã–∫–µ Java —Å –∏—Å–ø–æ–ª—å–∑–æ–≤–∞–Ω–∏–µ–º Android Studio –∏ –æ–±–ª–∞—á–Ω—ã—Ö —Å–µ—Ä–≤–∏—Å–æ–≤ Firebase Realtime Database. 
  
 1. –ü–æ–¥–∫–ª—é—á–µ–Ω–∏–µ Firebase Realtime Database 
 2. –°–æ–∑–¥–∞–Ω–∏–µ –∏–Ω—Ç–µ—Ä—Ñ–µ–π—Å–∞ 
 3. –û—Ç–ø—Ä–∞–≤–∫–∞ –∏ –ø–æ–ª—É—á–µ–Ω–∏–µ —Å–æ–æ–±—â–µ–Ω–∏–π 
 4. –í—ã–≤–æ–¥ —Å–æ–æ–±—â–µ–Ω–∏–π –∏–∑ –±–∞–∑—ã –¥–∞–Ω–Ω—ã—Ö 
 #java   #mobile   
  
 
 #video@php2all  ( –≤–∏–¥–µ–æ–∫—É—Ä—Å—ã –≤ –∞–ª—å–±–æ–º–µ https://vk.com/videos-3183750 )",pass
19,–î–∂—É–Ω —Å–ª–æ–º–∞–ª –±–∏–ª–¥,pass
85,,pass
39,"–ó–æ–ª–æ—Ç–æ–π —Ñ–æ–Ω–¥ —Ç–µ—Ö–Ω–∏—á–µ—Å–∫–æ–π –ª–∏—Ç–µ—Ä–∞—Ç—É—Ä—ã –ø–æ –ø—Ä–æ–≥—Ä–∞–º–º–∏—Ä–æ–≤–∞–Ω–∏—é. 
  
 –ù–µ –¥–ª—è —á–∞–π–Ω–∏–∫–æ–≤! –í—Å–µ–º –æ–±—è–∑–∞—Ç–µ–ª—å–Ω–æ –∫ –ø—Ä–æ—á—Ç–µ–Ω–∏—é, –≤–Ω–µ –∑–∞–≤–∏—Å–∏–º–æ—Å—Ç–∏ –æ—Ç —è–∑—ã–∫–∞. 
 #book@php2all 
  
  (–ª–∏—Ç–µ—Ä–∞—Ç—É—Ä–∞ –ø–æ –ø—Ä–æ–≥—Ä–∞–º–º–∏—Ä–æ–≤–∞–Ω–∏—é https://vk.com/php2all/book )",pass
111,,pass
67,"–°—É–ø–µ—Ä –º–æ–∑–≥. –ú–µ—Ç–æ–¥–∏–∫–∏ —Ä–∞–∑–≤–∏—Ç–∏—è –ø–∞–º—è—Ç–∏ 
  
 1. –ß—Ç–æ —Ç–∞–∫–æ–µ –∫—Ä–∞—Ç–∫–æ–≤—Ä–µ–º–µ–Ω–Ω–∞—è –ø–∞–º—è—Ç—å? 
 2. –ö–∞–∫ —É–ª—É—á—à–∏—Ç—å —Å–≤–æ—é –ø–∞–º—è—Ç—å. –ü–æ–≤—Ç–æ—Ä–µ–Ω–∏–µ - –º–∞—Ç—å —É—á–µ–Ω–∏—è! 
 3. –†–∞–∑–≤–∏—Ç–∏–µ –ø–∞–º—è—Ç–∏. –ü—Ä–µ—É–≤–µ–ª–∏—á–µ–Ω–∏–µ 
 4. –†–∞–∑–≤–∏—Ç–∏–µ –ø–∞–º—è—Ç–∏. –†–∞–∑–±–∏–≤–∞–µ–º –Ω–∞ —á–∞—Å—Ç–∏ 
 5. –†–∞–∑–≤–∏—Ç–∏–µ –ø–∞–º—è—Ç–∏. –ê—Å—Å–æ—Ü–∏–∞—Ü–∏–∏ 
 6. –†–∞–∑–≤–∏—Ç–∏–µ –ø–∞–º—è—Ç–∏. –ö–∞—Ä—Ç–∏–Ω–∫–∏ 
 7. –†–∞–∑–≤–∏—Ç–∏–µ –ø–∞–º—è—Ç–∏. –ò—Å–ø–æ–ª—å–∑–æ–≤–∞–Ω–∏–µ –º–Ω–µ–º–æ–Ω–∏—á–µ—Å–∫–∏—Ö —É—Å—Ç—Ä–æ–π—Å—Ç–≤ 
 8. –†–∞–∑–≤–∏—Ç–∏–µ –ø–∞–º—è—Ç–∏. –ú–µ—Ç–æ–¥–∏–∫–∏ –∫–æ–Ω—Å–ø–µ–∫—Ç–∏—Ä–æ–≤–∞–Ω–∏—è 
 9. –†–∞–∑–≤–∏—Ç–∏–µ –ø–∞–º—è—Ç–∏. –ò—Å–ø–æ–ª—å–∑–æ–≤–∞–Ω–∏–µ –ø–µ—Å–µ–Ω, —Å—Ç–∏—Ö–æ–≤ –∏ –∞–ª–ª–∏—Ç–µ—Ä–∞—Ü–∏–π 
 10. –†–∞–∑–≤–∏—Ç–∏–µ –ø–∞–º—è—Ç–∏. –ú–µ—Ç–æ–¥ –∏—Å—Ç–æ—Ä–∏–∏ 
  
 –í—Å–µ –≤–∏–¥–µ–æ –≤ –∞–ª—å–±–æ–º–µ: https://vk.cc/7aAIiF 
  
 #video   #interesting   
  
 
 #video@php2all  –±–æ–ª—å—à–µ –≤–∏–¥–µ–æ –≤ –Ω–∞—à–µ–º –∫–∞—Ç–∞–ª–æ–≥–µ https://vk.com/videos-3183750",pass
32,–î–∂—É–Ω —Å–ø—ë—Ä —Ç–∞—Å–∫ —É —Ç–∏–º–ª–∏–¥–∞,pass
33,"–ü–æ–¥–±–æ—Ä–∫–∞ –∫–Ω–∏–≥ –ø–æ —Ö–∞–∫–∏–Ω–≥—É –∏ —Ç–µ—Å—Ç–∏—Ä–æ–≤–∞–Ω–∏—é –Ω–∞ –ø—Ä–æ–Ω–∏–∫–Ω–æ–≤–µ–Ω–∏–µ 
 [Language: English] 
 1. DDoS Attacks: Evolution, Detection, Prevention, Reaction, and Tolerance 
 Author: D. Bhattacharyya, J. Kalita 
 Pub Date: 2016 
 ************************* 
 2. The Hardware Hacker: Adventures in Making and Breaking Hardware 
 Author: Andrew 'bunnie' Huang 
 Pub Date: 2016 
 ************************* 
 3. Hacker‚Äôs Elusive Thoughts The Web 
 Author: Vladimir Stojanovic 
 Pub Date: 2016 
 ************************* 
 4. Cloud Computing Security: Foundations and Challenges 
 Author: John R. Vacca 
 Pub Date: 2016 
 ************************* 
 5. Game Hacking: Developing Autonomous Bots for Online Games 
 Author: Cano 
 Pub Date: 2016 
 ************************* 
 #book@php2all #hack@php2all #qa@php2all 
  
  
  
  
  
  (–ª–∏—Ç–µ—Ä–∞—Ç—É—Ä–∞ –ø–æ –ø—Ä–æ–≥—Ä–∞–º–º–∏—Ä–æ–≤–∞–Ω–∏—é https://vk.com/php2all/book )",pass
45,"–†–µ–¥–∞–∫—Ç–æ—Ä VS Code-–¢–æ–ø 5 –ø–ª–∞–≥–∏–Ω–æ–≤ –¥–ª—è —Ä–∞—Å—à–∏—Ä–µ–Ω–∏—è —Ä–∞–±–æ—Ç—ã 
  
 - –ù–∞—Å—Ç—Ä–æ–π–∫–∞ —Ä—É—Å—Å–∫–æ–≥–æ —è–∑—ã–∫–∞ –≤ VS Code 
 - –ê–≤—Ç–æ –æ–±–Ω–æ–≤–ª–µ–Ω–∏–µ –±—Ä–∞—É–∑–µ—Ä–∞ –≤–æ –≤—Ä–µ–º—è –≤–µ—Ä—Å—Ç–∫–∏ 
 - –î–≤–µ –∫—Ä—É—Ç—ã—Ö —Ç–µ–º—ã –∏ –∏–∫–æ–Ω–∫–∏ –¥–ª—è –æ—Ñ–æ—Ä–º–ª–µ–Ω–∏—è VS Code 
 - –ê–≤—Ç–æ –≤—ã—Ä–∞–≤–Ω–∏–≤–∞–Ω–∏–µ –∫–æ–¥–∞ –ø–ª–∞–≥–∏–Ω–æ–º Prettier. 
 #javascript   
  
 
 #video@php2all  ( –≤–∏–¥–µ–æ–∫—É—Ä—Å—ã –≤ –∞–ª—å–±–æ–º–µ https://vk.com/videos-3183750 )",pass
74,"–ö–æ–º–∞–Ω–¥–Ω–∞—è —Å—Ç—Ä–æ–∫–∞ Linux 
 –í –∫—É—Ä—Å–µ —Ä–∞—Å—Å–∫–∞–∑—ã–≤–∞–µ—Ç—Å—è –∫–∞–∫ –ø—Ä–∏–º–µ–Ω—è—Ç—å –∞–≤—Ç–æ–º–∞—Ç–∏–∑–∞—Ü–∏—é –ø—Ä–∏ –∏—Å–ø–æ–ª—å–∑–æ–≤–∞–Ω–∏–∏ –µ–∂–µ–¥–Ω–µ–≤–Ω—ã—Ö –∑–∞–¥–∞—á. –ü—Ä–∏–≤–æ–¥–∏—Ç—Å—è –º–Ω–æ–≥–æ –ø—Ä–∏–º–µ—Ä–æ–≤ –∫–∞–∫ –∏—Å–ø–æ–ª—å–∑–æ–≤–∞—Ç—å –∫–æ–º–∞–Ω–¥—ã BASH. 
 #video #linux #bash 
 
 
 #video@php2all –±–æ–ª—å—à–µ –≤–∏–¥–µ–æ –≤ –Ω–∞—à–µ–º –∫–∞—Ç–∞–ª–æ–≥–µ https://vk.com/videos-3183750",pass
44,,pass
18,–§–†–û–ù–¢–ï–ù–î-–î–ê–ô–î–ñ–ï–°–¢ 418,pass
48,"–ü–∞–º—è—Ç—å –Ω–µ –∏–∑–º–µ–Ω—è–µ—Ç. –ó–∞–¥–∞—á–∏ –∏ –≥–æ–ª–æ–≤–æ–ª–æ–º–∫–∏ –¥–ª—è —Ä–∞–∑–≤–∏—Ç–∏—è –∏–Ω—Ç–µ–ª–ª–µ–∫—Ç–∞ –∏ –ø–∞–º—è—Ç–∏ 
  
 –û –∫–Ω–∏–≥–µ 
 –ö–Ω–∏–≥–∞, –∫–æ—Ç–æ—Ä–∞—è –ø–æ–º–æ–∂–µ—Ç —Ä–∞–∑–≤–∏—Ç—å –ø–∞–º—è—Ç—å –∏ —Å–æ—Ö—Ä–∞–Ω–∏—Ç—å –∏–Ω—Ç–µ–ª–ª–µ–∫—Ç –¥–æ –≥–ª—É–±–æ–∫–æ–π —Å—Ç–∞—Ä–æ—Å—Ç–∏. –í—ã —É–∑–Ω–∞–µ—Ç–µ –±–æ–ª—å—à–µ –æ —Å–≤–æ–π—Å—Ç–≤–∞—Ö —á–µ–ª–æ–≤–µ—á–µ—Å–∫–æ–≥–æ –º–æ–∑–≥–∞ –∏ —É–∫—Ä–µ–ø–∏—Ç–µ —Å–≤–æ—é –ø–∞–º—è—Ç—å, —Ä–µ—à–∞—è –∑–∞–Ω–∏–º–∞—Ç–µ–ª—å–Ω—ã–µ –≥–æ–ª–æ–≤–æ–ª–æ–º–∫–∏. 
  
 ¬´–£–ª—É—á—à–∏—Ç—å –ø–∞–º—è—Ç—å –Ω–µ —Ç–æ–ª—å–∫–æ –≤–æ–∑–º–æ–∂–Ω–æ, —ç—Ç–æ –µ—â–µ –∏ –∏–Ω—Ç–µ—Ä–µ—Å–Ω–æ¬ª, ‚Äî –≥–æ–≤–æ—Ä–∏—Ç –ø—Å–∏—Ö–æ–ª–æ–≥ –ê–Ω—Ö–µ–ª—å—Å –ù–∞–≤–∞—Ä—Ä–æ. –í—ã —Å–æ–≥–ª–∞—Å–∏—Ç–µ—Å—å —Å —ç—Ç–∏–º —É—Ç–≤–µ—Ä–∂–¥–µ–Ω–∏–µ–º, –∫–æ–≥–¥–∞ –Ω–∞—á–Ω–µ—Ç–µ –≤—ã–ø–æ–ª–Ω—è—Ç—å —É–≤–ª–µ–∫–∞—Ç–µ–ª—å–Ω—ã–µ —É–ø—Ä–∞–∂–Ω–µ–Ω–∏—è –¥–ª—è —Ç—Ä–µ–Ω–∏—Ä–æ–≤–∫–∏ –º–æ–∑–≥–∞. 
  
 –ò–≥—Ä—ã –∏ –∑–∞–¥–∞—á–∏ –ø–æ–¥—Ö–æ–¥—è—Ç –¥–ª—è –ª—é–±–æ–≥–æ –≤–æ–∑—Ä–∞—Å—Ç–∞: –º–æ–ª–æ–¥—ã–µ –ª—é–¥–∏ —É–ª—É—á—à–∞—Ç –≤–Ω–∏–º–∞–Ω–∏–µ –∏ –∫–æ–Ω—Ü–µ–Ω—Ç—Ä–∞—Ü–∏—é, –ª—é–¥–∏ —Å—Ä–µ–¥–Ω–µ–≥–æ –≤–æ–∑—Ä–∞—Å—Ç–∞ ‚Äî –ø–æ–¥–¥–µ—Ä–∂–∞—Ç —Å–≤–æ—é –ø–∞–º—è—Ç—å –Ω–∞ —Ö–æ—Ä–æ—à–µ–º —É—Ä–æ–≤–Ω–µ –∏, –Ω–∞–∫–æ–Ω–µ—Ü, –ª—é–¥–∏ —Å—Ç–∞—Ä—à–µ–≥–æ –≤–æ–∑—Ä–∞—Å—Ç–∞ —Å –ø–æ–º–æ—â—å—é —ç—Ç–æ–π –∫–Ω–∏–≥–∏ –∫–æ–º–ø–µ–Ω—Å–∏—Ä—É—é—Ç –≤–æ–∑—Ä–∞—Å—Ç–Ω—ã–µ –Ω–∞—Ä—É—à–µ–Ω–∏—è. 
  
 –§–∏—à–∫–∏ –∫–Ω–∏–≥–∏ 
  
 –ú–µ—Ç–æ–¥—ã –∏ –ø—Ä–∏–µ–º—ã —É–ª—É—á—à–µ–Ω–∏—è –ø–∞–º—è—Ç–∏ –ø—Ä–µ–¥–ª–æ–∂–µ–Ω—ã –≤ –∏–≥—Ä–æ–≤–æ–π —Ñ–æ—Ä–º–µ –∏ –∑–∞–¥–µ–π—Å—Ç–≤—É—é—Ç –≤–æ–æ–±—Ä–∞–∂–µ–Ω–∏–µ. 
 –£–ø—Ä–∞–∂–Ω–µ–Ω–∏—è —Ä–∞–∑–¥–µ–ª–µ–Ω—ã –ø–æ —É—Ä–æ–≤–Ω—è–º: –ª–µ–≥–∫–∏–π, —Å—Ä–µ–¥–Ω–∏–π, —Å–ª–æ–∂–Ω—ã–π –∏ –æ—á–µ–Ω—å —Å–ª–æ–∂–Ω—ã–π. –≠—Ç–æ –ø–æ–∑–≤–æ–ª–∏—Ç —á–∏—Ç–∞—Ç–µ–ª—é —Å–æ–∑–¥–∞—Ç—å —Å–æ–±—Å—Ç–≤–µ–Ω–Ω—ã–π –ø–ª–∞–Ω —Ç—Ä–µ–Ω–∏—Ä–æ–≤–∫–∏ –ø–∞–º—è—Ç–∏. 
 #book@php2all #interesting@php2all 
  
  (–ë–æ–ª—å—à–µ –∫–Ω–∏–≥ —Ç—É—Ç https://vk.com/php2all/book )",pass
70,"C# –ø–æ—Å–ª–µ –ï–ì–≠ (2019) 
 #video   #csharp   
 
 #video@php2all  ( –≤–∏–¥–µ–æ–∫—É—Ä—Å—ã –≤ –∞–ª—å–±–æ–º–µ https://vk.com/videos-3183750 )",pass
