hsdigital/rn/smi,news.ngs.ru,Сеть городских порталов Hearst Shkulev Digital — НОВОСТИ,138121,0
TASS_total,tass.ru,ТАСС - Новости в России и мире,135926,0
kommersant.ru,www.kommersant.ru/,&quot;Коммерсантъ&quot;. Издательский дом,122213,0
championat_com,championat.com,Чемпионат: ведущий сайт о спорте,116933,0
rutube.ru,www.rutube.ru/,Rutube - лучшее видео:),115806,0
uaprom,prom.ua,Prom.ua — Всеукраинский Торговый Центр в Интернете,110072,0
irecommend.ru,irecommend.ru/,IRecommend - отзывы о товарах и услугах,109080,0
HeadHunter,hh.ru/,HeadHunter Group - Online Hiring Services,103329,0
politeka.net,politeka.net/,politeka.net,99150,0
gismeteo.ua,www.gismeteo.ua/,GISMETEO.UA: Вся погода по УКРАИНЕ,92945,0
vz.ru,vz.ru/,ВЗГЛЯД.РУ,92660,0
kp/radiokpru,radiokp.ru,Радио &quot;Комсомольская правда&quot;,88315,0
ukrpravda,pravda.com.ua,Українська правда,87645,0
kino-teatr.ru,www.kino-teatr.ru/,"Кино-Театр.РУ - интервью, статьи, премьеры, новости кино и театра",87304,0
tengrinews.kz,tengrinews.kz/,"Tengrinews.kz: последние новости Казахстана, России и мира",86871,0
regnum.ru,regnum.ru/,ИА REGNUM,86445,0
arabic.sputniknews.com,arabic.sputniknews.com/,Sputnik Arabic,85716,0
action,www.glavbukh.ru/,"&lt;Актион-МЦФЭР&gt; — издания для директоров, руководителей, главбухов",84897,0
gazeta.ru/culture,gazeta.ru/culture/,Газета.Ru: Культура,84017,0
fishki,fishki.net/,Фишки Нет - первое развлекательное сообщество Рунета,83537,0
spaces.ru,spaces.ru/,Spaces.ru - крупнейшая мобильная соц.сеть,82293,0
woman.ru,www.woman.ru/,"Woman.ru - интернет для женщин: звезды, мода, красота, мы и мужчины",81272,0
CIAN,www.cian.ru/,ЦИАН ГРУПП - Лидер онлайн недвижимости России,75873,0
readmanga.me,readmanga.me/,readmanga.me,73540,0
2gis,www.2gis.ru,Карта онлайн со справочником организаций — 2ГИС,71288,0
zakon.kz,www.zakon.kz/,Zakon.kz - новости Казахстана,70085,0
1Mediainvest,1mediainvest.ru/,1Mediainvest - федеральный медиахолдинг,70054,0
fontanka.ru,fontanka.ru/,Фонтанка.Ру - новости Петербурга,69870,0
starhit.ru,starhit.ru/,Starhit.ru - проект Андрея Малахова о звездах,68889,0
zaycev.net,zaycev.net/,ТУТ ЗАЙЦЕВ.НЕТ! Только самые свежие и популярные mp3 БЕСПЛАТНО и БЕЗ РЕГИСТРАЦИИ,67674,0
